"","week","AQHI","stationName"
"2",2017-01-01,2.68461952879348,"Burnaby Kensington Park"
"3",2017-01-08,3.19415953464902,"Burnaby Kensington Park"
"4",2017-01-15,2.27245072158637,"Burnaby Kensington Park"
"5",2017-01-22,1.83270648166259,"Burnaby Kensington Park"
"6",2017-01-29,2.60111636677947,"Burnaby Kensington Park"
"7",2017-02-05,2.80588522151597,"Burnaby Kensington Park"
"8",2017-02-12,2.15450957425222,"Burnaby Kensington Park"
"9",2017-02-19,2.04153199412977,"Burnaby Kensington Park"
"10",2017-02-26,2.52310900157341,"Burnaby Kensington Park"
"11",2017-03-05,2.35944676661328,"Burnaby Kensington Park"
"12",2017-03-12,1.95364414710727,"Burnaby Kensington Park"
"13",2017-03-19,2.33715659137013,"Burnaby Kensington Park"
"14",2017-03-26,2.26634501114667,"Burnaby Kensington Park"
"15",2017-04-02,2.42415058148428,"Burnaby Kensington Park"
"16",2017-04-09,2.32245500446198,"Burnaby Kensington Park"
"17",2017-04-16,2.29610751893319,"Burnaby Kensington Park"
"18",2017-04-23,2.12281634064745,"Burnaby Kensington Park"
"19",2017-04-30,1.91454664337093,"Burnaby Kensington Park"
"20",2017-05-07,2.23425210806122,"Burnaby Kensington Park"
"21",2017-05-14,2.10345057745118,"Burnaby Kensington Park"
"22",2017-05-21,2.56128441730428,"Burnaby Kensington Park"
"23",2017-05-28,2.30513723800412,"Burnaby Kensington Park"
"24",2017-06-04,2.41035753192346,"Burnaby Kensington Park"
"25",2017-06-11,1.84185095807542,"Burnaby Kensington Park"
"26",2017-06-18,1.86453731927961,"Burnaby Kensington Park"
"27",2017-06-25,2.50357779864778,"Burnaby Kensington Park"
"28",2017-07-02,2.53078527109215,"Burnaby Kensington Park"
"29",2017-07-09,2.17366970275086,"Burnaby Kensington Park"
"30",2017-07-16,1.87667995962574,"Burnaby Kensington Park"
"31",2017-07-23,1.84088007747195,"Burnaby Kensington Park"
"32",2017-07-30,4.02124190749139,"Burnaby Kensington Park"
"33",2017-08-06,5.01717744647986,"Burnaby Kensington Park"
"34",2017-08-13,1.87386734117312,"Burnaby Kensington Park"
"35",2017-08-20,2.29461180551337,"Burnaby Kensington Park"
"36",2017-08-27,2.66990909178178,"Burnaby Kensington Park"
"37",2017-09-03,3.18234929272211,"Burnaby Kensington Park"
"38",2017-09-10,2.14548475826115,"Burnaby Kensington Park"
"39",2017-09-17,1.92900830698802,"Burnaby Kensington Park"
"40",2017-09-24,1.77962117953976,"Burnaby Kensington Park"
"41",2017-10-01,1.85770929995922,"Burnaby Kensington Park"
"42",2017-10-08,1.55653848012719,"Burnaby Kensington Park"
"43",2017-10-15,2.07072566578936,"Burnaby Kensington Park"
"44",2017-10-22,1.71354650647637,"Burnaby Kensington Park"
"45",2017-10-29,2.14337988145715,"Burnaby Kensington Park"
"46",2017-11-05,2.25799169608512,"Burnaby Kensington Park"
"47",2017-11-12,2.01234110372078,"Burnaby Kensington Park"
"48",2017-11-19,1.88588652954337,"Burnaby Kensington Park"
"49",2017-11-26,2.00050435483273,"Burnaby Kensington Park"
"50",2017-12-03,1.71060175042023,"Burnaby Kensington Park"
"51",2017-12-10,2.16174046409635,"Burnaby Kensington Park"
"52",2017-12-17,2.16765933865191,"Burnaby Kensington Park"
"53",2017-12-24,2.60403051534505,"Burnaby Kensington Park"
"54",2018-01-07,2.1947799050299,"Burnaby Kensington Park"
"55",2018-01-14,2.20777586866309,"Burnaby Kensington Park"
"56",2018-01-21,2.34911454780134,"Burnaby Kensington Park"
"57",2018-01-28,2.03610009609807,"Burnaby Kensington Park"
"58",2018-02-04,1.81933192610893,"Burnaby Kensington Park"
"59",2018-02-11,2.266125169074,"Burnaby Kensington Park"
"60",2018-02-18,2.51882712819803,"Burnaby Kensington Park"
"61",2018-02-25,2.4017804678387,"Burnaby Kensington Park"
"62",2018-03-04,2.28584368670123,"Burnaby Kensington Park"
"63",2018-03-11,2.46739300416672,"Burnaby Kensington Park"
"64",2018-03-18,2.36348288213327,"Burnaby Kensington Park"
"65",2018-03-25,2.09315426814385,"Burnaby Kensington Park"
"66",2018-04-01,2.34382049410244,"Burnaby Kensington Park"
"67",2018-04-08,2.50206455127331,"Burnaby Kensington Park"
"68",2018-04-15,2.48182902768501,"Burnaby Kensington Park"
"69",2018-04-22,2.73796087292426,"Burnaby Kensington Park"
"70",2018-04-29,2.2754498206679,"Burnaby Kensington Park"
"71",2018-05-06,2.34716777383467,"Burnaby Kensington Park"
"72",2018-05-13,2.62374245792765,"Burnaby Kensington Park"
"73",2018-05-20,2.49380371281035,"Burnaby Kensington Park"
"74",2018-05-27,2.29316036700667,"Burnaby Kensington Park"
"75",2018-06-03,2.19475590278706,"Burnaby Kensington Park"
"76",2018-06-10,1.72394726672581,"Burnaby Kensington Park"
"77",2018-06-17,2.31757114629297,"Burnaby Kensington Park"
"78",2018-06-24,1.86435987594463,"Burnaby Kensington Park"
"79",2018-07-01,1.84027276343546,"Burnaby Kensington Park"
"80",2018-07-08,1.77864258662553,"Burnaby Kensington Park"
"81",2018-07-15,2.06076754424351,"Burnaby Kensington Park"
"82",2018-07-22,2.99530365856578,"Burnaby Kensington Park"
"83",2018-07-29,2.58314607195339,"Burnaby Kensington Park"
"84",2018-08-05,3.01245859738928,"Burnaby Kensington Park"
"85",2018-08-12,3.43530280345555,"Burnaby Kensington Park"
"86",2018-08-19,4.89482263833574,"Burnaby Kensington Park"
"87",2018-08-26,2.05540577509214,"Burnaby Kensington Park"
"88",2018-09-02,2.39656233431828,"Burnaby Kensington Park"
"89",2018-09-09,1.446274737069,"Burnaby Kensington Park"
"90",2018-09-16,1.55809105471361,"Burnaby Kensington Park"
"91",2018-09-23,1.57019816894707,"Burnaby Kensington Park"
"92",2018-09-30,1.65398193376805,"Burnaby Kensington Park"
"93",2018-10-07,1.5403516445991,"Burnaby Kensington Park"
"94",2018-10-14,2.4583637498481,"Burnaby Kensington Park"
"95",2018-10-21,2.023474644129,"Burnaby Kensington Park"
"96",2018-10-28,1.72038191417386,"Burnaby Kensington Park"
"97",2018-11-04,1.68660294222506,"Burnaby Kensington Park"
"98",2018-11-11,1.68692004225439,"Burnaby Kensington Park"
"99",2018-11-18,1.78925658181172,"Burnaby Kensington Park"
"100",2018-11-25,1.71374827373299,"Burnaby Kensington Park"
"101",2018-12-02,1.91315063041072,"Burnaby Kensington Park"
"102",2018-12-09,2.09733916470808,"Burnaby Kensington Park"
"103",2018-12-16,2.19404453016285,"Burnaby Kensington Park"
"104",2018-12-23,1.60903092569083,"Burnaby Kensington Park"
"105",2018-12-30,1.88083656277967,"Burnaby Kensington Park"
"106",2019-01-06,1.99908362233457,"Burnaby Kensington Park"
"107",2019-01-13,2.22209826847837,"Burnaby Kensington Park"
"108",2019-01-20,1.37804515473749,"Burnaby Kensington Park"
"109",2019-01-27,1.98650981083382,"Burnaby Kensington Park"
"110",2019-02-03,2.6238414731432,"Burnaby Kensington Park"
"111",2019-02-10,2.60875242888355,"Burnaby Kensington Park"
"112",2019-02-17,2.11578689893832,"Burnaby Kensington Park"
"113",2019-02-24,2.56871598128752,"Burnaby Kensington Park"
"114",2019-03-03,2.70422764914221,"Burnaby Kensington Park"
"115",2019-03-10,2.12016956347336,"Burnaby Kensington Park"
"116",2019-03-17,2.55432779696602,"Burnaby Kensington Park"
"117",2019-03-24,2.30797682731143,"Burnaby Kensington Park"
"118",2019-03-31,2.47442094377058,"Burnaby Kensington Park"
"119",2019-04-07,2.09485245398304,"Burnaby Kensington Park"
"120",2019-04-14,2.00677951835068,"Burnaby Kensington Park"
"121",2019-04-21,2.19717976335645,"Burnaby Kensington Park"
"122",2019-04-28,2.38012332916693,"Burnaby Kensington Park"
"123",2019-05-05,2.275228058499,"Burnaby Kensington Park"
"124",2019-05-12,2.12371776926839,"Burnaby Kensington Park"
"125",2019-05-19,2.1059880842411,"Burnaby Kensington Park"
"126",2019-05-26,2.5222039995811,"Burnaby Kensington Park"
"127",2019-06-02,2.07799591939202,"Burnaby Kensington Park"
"128",2019-06-09,2.11022966583541,"Burnaby Kensington Park"
"129",2019-06-16,1.81685382557756,"Burnaby Kensington Park"
"130",2019-06-23,1.87484670460974,"Burnaby Kensington Park"
"131",2019-06-30,1.75672228036736,"Burnaby Kensington Park"
"132",2019-07-07,1.53345335901547,"Burnaby Kensington Park"
"133",2019-07-14,1.52343965285459,"Burnaby Kensington Park"
"134",2019-07-21,1.82857898749,"Burnaby Kensington Park"
"135",2019-07-28,1.82278305114647,"Burnaby Kensington Park"
"136",2019-08-04,2.26310758277338,"Burnaby Kensington Park"
"137",2019-08-11,1.84125304706346,"Burnaby Kensington Park"
"138",2019-08-18,1.86873409839829,"Burnaby Kensington Park"
"139",2019-08-25,1.97667910516929,"Burnaby Kensington Park"
"140",2019-09-01,1.91524856070642,"Burnaby Kensington Park"
"141",2019-09-08,1.35846637491294,"Burnaby Kensington Park"
"142",2019-09-15,1.36721032795196,"Burnaby Kensington Park"
"143",2019-09-22,1.47083334777452,"Burnaby Kensington Park"
"144",2019-09-29,1.65711063706609,"Burnaby Kensington Park"
"145",2019-10-06,1.7601803439209,"Burnaby Kensington Park"
"146",2019-10-13,1.83148910756538,"Burnaby Kensington Park"
"147",2019-10-20,1.45026276975793,"Burnaby Kensington Park"
"148",2019-10-27,1.96768824218542,"Burnaby Kensington Park"
"149",2019-11-03,1.60966580510017,"Burnaby Kensington Park"
"150",2019-11-10,1.45752681795688,"Burnaby Kensington Park"
"151",2019-11-17,1.63281837423708,"Burnaby Kensington Park"
"152",2019-11-24,2.24360609069813,"Burnaby Kensington Park"
"153",2019-12-01,1.88980434360561,"Burnaby Kensington Park"
"154",2019-12-08,1.50872990313139,"Burnaby Kensington Park"
"155",2019-12-15,1.72735232703869,"Burnaby Kensington Park"
"156",2019-12-22,1.45482480105752,"Burnaby Kensington Park"
"157",2020-01-05,1.99234772389447,"Burnaby Kensington Park"
"158",2020-01-12,2.01908191750566,"Burnaby Kensington Park"
"159",2020-01-19,1.88873310799817,"Burnaby Kensington Park"
"160",2020-01-26,2.02247505287109,"Burnaby Kensington Park"
"161",2020-02-02,1.71446212388845,"Burnaby Kensington Park"
"162",2020-02-09,1.73448745305485,"Burnaby Kensington Park"
"163",2020-02-16,2.01384122642122,"Burnaby Kensington Park"
"164",2020-02-23,1.94800596372156,"Burnaby Kensington Park"
"165",2020-03-01,2.00547013160412,"Burnaby Kensington Park"
"166",2020-03-08,1.98201539048393,"Burnaby Kensington Park"
"167",2020-03-15,2.59083721747169,"Burnaby Kensington Park"
"168",2020-03-22,2.09446088523957,"Burnaby Kensington Park"
"169",2020-03-29,2.19946922915459,"Burnaby Kensington Park"
"170",2020-04-05,2.36795075782515,"Burnaby Kensington Park"
"171",2020-04-12,2.55017475418868,"Burnaby Kensington Park"
"172",2020-04-19,1.94577716909048,"Burnaby Kensington Park"
"173",2020-04-26,2.17119891857121,"Burnaby Kensington Park"
"174",2020-05-03,2.25100782102273,"Burnaby Kensington Park"
"175",2020-05-10,2.04427644830621,"Burnaby Kensington Park"
"176",2020-05-17,1.81366714258229,"Burnaby Kensington Park"
"177",2020-05-24,2.19828572783464,"Burnaby Kensington Park"
"178",2020-05-31,1.77667948819792,"Burnaby Kensington Park"
"179",2020-06-07,1.40166940245632,"Burnaby Kensington Park"
"180",2020-06-14,1.61098143035994,"Burnaby Kensington Park"
"181",2020-06-21,1.45758886331871,"Burnaby Kensington Park"
"182",2020-06-28,1.48072726475403,"Burnaby Kensington Park"
"183",2020-07-05,1.60174631567892,"Burnaby Kensington Park"
"184",2020-07-12,1.5908492860549,"Burnaby Kensington Park"
"185",2020-07-19,1.35874230462229,"Burnaby Kensington Park"
"186",2020-07-26,2.33748997315314,"Burnaby Kensington Park"
"187",2020-08-02,1.58287211821889,"Burnaby Kensington Park"
"188",2020-08-09,1.58695837286348,"Burnaby Kensington Park"
"189",2020-08-23,1.65284453486934,"Burnaby Kensington Park"
"190",2020-08-30,1.78548613779124,"Burnaby Kensington Park"
"191",2020-09-06,3.99240772802874,"Burnaby Kensington Park"
"192",2020-09-13,5.51983894342661,"Burnaby Kensington Park"
"193",2020-09-20,1.59482840554301,"Burnaby Kensington Park"
"194",2020-09-27,1.59470498842172,"Burnaby Kensington Park"
"195",2020-10-04,1.75483653385726,"Burnaby Kensington Park"
"196",2020-10-11,1.52794372979077,"Burnaby Kensington Park"
"197",2020-10-18,1.71864783846155,"Burnaby Kensington Park"
"198",2020-10-25,1.73539451838082,"Burnaby Kensington Park"
"199",2020-11-01,1.74120318860707,"Burnaby Kensington Park"
"200",2020-11-08,1.67284677986371,"Burnaby Kensington Park"
"201",2020-11-15,1.90831584798423,"Burnaby Kensington Park"
"202",2020-11-22,1.67489335290581,"Burnaby Kensington Park"
"203",2020-11-29,1.60336019301434,"Burnaby Kensington Park"
"204",2020-12-06,1.73910537563312,"Burnaby Kensington Park"
"205",2020-12-13,1.88048466515905,"Burnaby Kensington Park"
"206",2020-12-20,1.90986974774459,"Burnaby Kensington Park"
"207",2020-12-27,1.65847931018992,"Burnaby Kensington Park"
"208",2021-01-03,2.02741410622395,"Burnaby Kensington Park"
"209",2021-01-10,1.86496286856205,"Burnaby Kensington Park"
"210",2021-01-17,1.65068929268754,"Burnaby Kensington Park"
"211",2021-01-24,1.83557250279368,"Burnaby Kensington Park"
"212",2021-01-31,1.9460982132137,"Burnaby Kensington Park"
"213",2021-02-07,2.27736772549685,"Burnaby Kensington Park"
"214",2021-02-14,2.02273762732124,"Burnaby Kensington Park"
"215",2021-02-21,2.11497798306908,"Burnaby Kensington Park"
"216",2021-02-28,2.30014834740129,"Burnaby Kensington Park"
"217",2021-03-07,2.31913669003388,"Burnaby Kensington Park"
"218",2021-03-14,2.29270429013734,"Burnaby Kensington Park"
"219",2021-03-21,2.03118545948028,"Burnaby Kensington Park"
"220",2021-03-28,2.29229679778379,"Burnaby Kensington Park"
"221",2021-04-04,2.39140332264122,"Burnaby Kensington Park"
"222",2021-04-11,2.73879234540041,"Burnaby Kensington Park"
"223",2021-04-18,2.62840008886742,"Burnaby Kensington Park"
"224",2021-04-25,1.89887583190574,"Burnaby Kensington Park"
"225",2021-05-02,2.22873721505629,"Burnaby Kensington Park"
"226",2021-05-09,2.02387071696034,"Burnaby Kensington Park"
"227",2021-05-16,2.2254813351661,"Burnaby Kensington Park"
"228",2021-05-23,1.8170656457152,"Burnaby Kensington Park"
"229",2021-05-30,2.04681292260353,"Burnaby Kensington Park"
"230",2021-06-06,1.83863471165611,"Burnaby Kensington Park"
"231",2021-06-13,1.75646646226229,"Burnaby Kensington Park"
"232",2021-06-20,1.91868570828895,"Burnaby Kensington Park"
"233",2021-06-27,2.31036940527524,"Burnaby Kensington Park"
"234",2021-07-04,1.96390826732591,"Burnaby Kensington Park"
"235",2021-07-11,1.78367409978416,"Burnaby Kensington Park"
"236",2021-07-18,1.77332498166744,"Burnaby Kensington Park"
"237",2021-07-25,2.4453040019214,"Burnaby Kensington Park"
"238",2021-08-01,2.05284481241575,"Burnaby Kensington Park"
"239",2021-08-08,3.02727213326175,"Burnaby Kensington Park"
"240",2021-08-15,1.79819926698246,"Burnaby Kensington Park"
"241",2021-08-22,1.97698791691512,"Burnaby Kensington Park"
"242",2021-08-29,1.88196971627344,"Burnaby Kensington Park"
"243",2021-09-05,1.94698785225777,"Burnaby Kensington Park"
"244",2021-09-12,1.85894899529937,"Burnaby Kensington Park"
"245",2021-09-19,1.62527289861908,"Burnaby Kensington Park"
"246",2021-09-26,1.76030232289766,"Burnaby Kensington Park"
"247",2021-10-03,1.63588951114129,"Burnaby Kensington Park"
"248",2021-10-10,1.67142707963733,"Burnaby Kensington Park"
"249",2021-10-17,1.86030896592606,"Burnaby Kensington Park"
"250",2021-10-24,1.88280793294652,"Burnaby Kensington Park"
"251",2021-10-31,2.06258430015461,"Burnaby Kensington Park"
"252",2021-11-07,1.98669709212378,"Burnaby Kensington Park"
"253",2021-11-14,1.56781180589542,"Burnaby Kensington Park"
"254",2021-11-21,1.53748105392558,"Burnaby Kensington Park"
"255",2021-11-28,1.88099880662593,"Burnaby Kensington Park"
"256",2021-12-05,1.78931868678273,"Burnaby Kensington Park"
"257",2021-12-12,1.98895069887898,"Burnaby Kensington Park"
"258",2021-12-19,2.23202960020814,"Burnaby Kensington Park"
"259",2021-12-26,2.64414798120679,"Burnaby Kensington Park"
"260",2022-01-02,2.24818903219351,"Burnaby Kensington Park"
"261",2022-01-09,1.63615752853365,"Burnaby Kensington Park"
"262",2022-01-16,1.24041936724198,"Burnaby Kensington Park"
"263",2022-01-23,1.92750984373122,"Burnaby Kensington Park"
"264",2022-01-30,1.94220914045639,"Burnaby Kensington Park"
"265",2022-02-06,1.74539127825577,"Burnaby Kensington Park"
"266",2022-02-13,1.66050857291867,"Burnaby Kensington Park"
"267",2022-02-20,2.36512582602568,"Burnaby Kensington Park"
"268",2022-02-27,1.85670447446423,"Burnaby Kensington Park"
"269",2022-03-06,2.09076639408081,"Burnaby Kensington Park"
"270",2022-03-13,2.10972719626111,"Burnaby Kensington Park"
"271",2022-03-20,1.81603681695754,"Burnaby Kensington Park"
"272",2022-03-27,1.88320451214026,"Burnaby Kensington Park"
"273",2022-04-03,2.3457043689701,"Burnaby Kensington Park"
"274",2022-04-10,2.39030039143782,"Burnaby Kensington Park"
"275",2022-04-17,2.32132452796892,"Burnaby Kensington Park"
"276",2022-04-24,2.20006643654813,"Burnaby Kensington Park"
"277",2022-05-01,2.11978452842798,"Burnaby Kensington Park"
"278",2022-05-08,1.94933990919065,"Burnaby Kensington Park"
"279",2022-05-15,2.07541154281279,"Burnaby Kensington Park"
"280",2022-05-22,2.0046156859616,"Burnaby Kensington Park"
"281",2022-05-29,1.87061566347021,"Burnaby Kensington Park"
"282",2022-06-05,1.70724992194686,"Burnaby Kensington Park"
"283",2022-06-12,1.69745783322672,"Burnaby Kensington Park"
"284",2022-06-19,1.64374015732515,"Burnaby Kensington Park"
"285",2022-06-26,2.04391201033878,"Burnaby Kensington Park"
"286",2022-07-03,1.53763696235545,"Burnaby Kensington Park"
"287",2022-07-10,1.70222568245965,"Burnaby Kensington Park"
"288",2022-07-17,1.60831091511552,"Burnaby Kensington Park"
"289",2022-07-24,2.42800110289373,"Burnaby Kensington Park"
"290",2022-07-31,1.56690691689994,"Burnaby Kensington Park"
"291",2022-08-07,2.03931708883934,"Burnaby Kensington Park"
"292",2022-08-14,2.35386975565822,"Burnaby Kensington Park"
"293",2022-08-21,2.02647150831697,"Burnaby Kensington Park"
"294",2022-08-28,2.19704999495209,"Burnaby Kensington Park"
"295",2022-09-04,1.86820839361623,"Burnaby Kensington Park"
"296",2022-09-11,2.83825001908026,"Burnaby Kensington Park"
"297",2022-09-18,1.91193251328565,"Burnaby Kensington Park"
"298",2022-09-25,2.35258164195981,"Burnaby Kensington Park"
"299",2022-10-02,2.85331544979195,"Burnaby Kensington Park"
"300",2022-10-09,2.33118192189502,"Burnaby Kensington Park"
"301",2022-10-16,3.38041932322636,"Burnaby Kensington Park"
"302",2022-10-23,1.7549606472563,"Burnaby Kensington Park"
"303",2022-10-30,1.81135030688105,"Burnaby Kensington Park"
"305",2017-01-01,2.67902823219823,"Burnaby South"
"306",2017-01-08,3.18513989680177,"Burnaby South"
"307",2017-01-15,2.57296107511478,"Burnaby South"
"308",2017-01-22,2.4044310055321,"Burnaby South"
"309",2017-01-29,2.52869389463652,"Burnaby South"
"310",2017-02-05,2.86672472381019,"Burnaby South"
"311",2017-02-12,2.58086023124097,"Burnaby South"
"312",2017-02-19,2.36499450761589,"Burnaby South"
"313",2017-02-26,2.64694216279044,"Burnaby South"
"314",2017-03-05,2.63066808645104,"Burnaby South"
"315",2017-03-12,2.40318700017154,"Burnaby South"
"316",2017-03-19,2.57514481279936,"Burnaby South"
"317",2017-03-26,2.44461667419479,"Burnaby South"
"318",2017-04-02,2.52138230200809,"Burnaby South"
"319",2017-04-09,2.47205932851609,"Burnaby South"
"320",2017-04-16,2.47872117843848,"Burnaby South"
"321",2017-04-23,2.23326637323808,"Burnaby South"
"322",2017-04-30,2.12709405506968,"Burnaby South"
"323",2017-05-07,2.34559212350164,"Burnaby South"
"324",2017-05-14,2.31687054587921,"Burnaby South"
"325",2017-05-21,2.4877406708046,"Burnaby South"
"326",2017-05-28,2.38226889031993,"Burnaby South"
"327",2017-06-04,2.4889458361889,"Burnaby South"
"328",2017-06-11,1.95910115809249,"Burnaby South"
"329",2017-06-18,1.6816700864117,"Burnaby South"
"330",2017-07-02,2.59887782851413,"Burnaby South"
"331",2017-07-09,1.94307480742392,"Burnaby South"
"332",2017-07-16,1.82660310591719,"Burnaby South"
"333",2017-07-23,1.67821291508895,"Burnaby South"
"334",2017-07-30,3.27483042740558,"Burnaby South"
"335",2017-08-06,3.98202351691577,"Burnaby South"
"336",2017-08-13,1.74943056175555,"Burnaby South"
"337",2017-08-20,2.19569875243697,"Burnaby South"
"338",2017-08-27,2.29305163281237,"Burnaby South"
"339",2017-09-03,2.88929187919349,"Burnaby South"
"340",2017-09-10,2.1052852106066,"Burnaby South"
"341",2017-09-17,2.06340717992926,"Burnaby South"
"342",2017-09-24,2.10236249050729,"Burnaby South"
"343",2017-10-01,2.08397394459631,"Burnaby South"
"344",2017-10-08,1.72997292475257,"Burnaby South"
"345",2017-10-15,2.21032455527877,"Burnaby South"
"346",2017-10-22,2.12554252455186,"Burnaby South"
"347",2017-10-29,2.31733313683116,"Burnaby South"
"348",2017-11-05,2.40072846579614,"Burnaby South"
"349",2017-11-12,2.08453589026205,"Burnaby South"
"350",2017-11-19,2.03391643467332,"Burnaby South"
"351",2017-11-26,2.27841637423546,"Burnaby South"
"352",2017-12-03,2.41988014112204,"Burnaby South"
"353",2017-12-10,2.58932394130459,"Burnaby South"
"354",2017-12-17,2.37828408876354,"Burnaby South"
"355",2017-12-24,2.35722850124261,"Burnaby South"
"356",2017-12-31,2.46469181938594,"Burnaby South"
"357",2018-01-07,2.28159204791683,"Burnaby South"
"358",2018-01-14,2.12825978275221,"Burnaby South"
"359",2018-01-21,2.18584947129432,"Burnaby South"
"360",2018-01-28,2.15194512185676,"Burnaby South"
"361",2018-02-04,1.89648941460015,"Burnaby South"
"362",2018-02-11,2.31101088860283,"Burnaby South"
"363",2018-02-18,2.46100679263586,"Burnaby South"
"364",2018-02-25,2.44949279398626,"Burnaby South"
"365",2018-03-04,2.48719224686826,"Burnaby South"
"366",2018-03-11,2.539788412696,"Burnaby South"
"367",2018-03-18,2.46853879273488,"Burnaby South"
"368",2018-03-25,2.16095665621131,"Burnaby South"
"369",2018-04-01,2.24525377333742,"Burnaby South"
"370",2018-04-08,2.31466879935532,"Burnaby South"
"371",2018-04-15,2.3427350966384,"Burnaby South"
"372",2018-04-22,2.45541081177794,"Burnaby South"
"373",2018-04-29,2.24666600981624,"Burnaby South"
"374",2018-05-06,2.3331093312072,"Burnaby South"
"375",2018-05-13,2.34548610962256,"Burnaby South"
"376",2018-05-20,2.29745157374134,"Burnaby South"
"377",2018-05-27,2.1674106266321,"Burnaby South"
"378",2018-06-03,2.29768088360785,"Burnaby South"
"379",2018-06-10,1.8378851834842,"Burnaby South"
"380",2018-06-17,2.1353489875093,"Burnaby South"
"381",2018-06-24,1.87408922726765,"Burnaby South"
"382",2018-07-01,1.83693758026071,"Burnaby South"
"383",2018-07-08,1.71681629581697,"Burnaby South"
"384",2018-07-15,1.89028116979645,"Burnaby South"
"385",2018-07-22,2.64531568906347,"Burnaby South"
"386",2018-07-29,2.34297585708175,"Burnaby South"
"387",2018-08-05,2.56190129841862,"Burnaby South"
"388",2018-08-12,3.10521179307722,"Burnaby South"
"389",2018-08-19,4.88091646324489,"Burnaby South"
"390",2018-08-26,2.02202816961864,"Burnaby South"
"391",2018-09-02,2.43631554127519,"Burnaby South"
"392",2018-09-09,1.67310642448118,"Burnaby South"
"393",2018-09-16,1.69409280406807,"Burnaby South"
"394",2018-09-23,1.68954646610646,"Burnaby South"
"395",2018-09-30,1.81148177673902,"Burnaby South"
"396",2018-10-07,1.76535066202193,"Burnaby South"
"397",2018-10-14,2.70557502858127,"Burnaby South"
"398",2018-10-21,2.29859126458617,"Burnaby South"
"399",2018-10-28,2.06910147407007,"Burnaby South"
"400",2018-11-04,1.96707711976508,"Burnaby South"
"401",2018-11-11,2.06988449941292,"Burnaby South"
"402",2018-11-18,2.27042487104712,"Burnaby South"
"403",2018-11-25,1.96424904368399,"Burnaby South"
"404",2018-12-02,2.32691401319866,"Burnaby South"
"405",2018-12-09,2.17919428249847,"Burnaby South"
"406",2018-12-16,2.28833808986958,"Burnaby South"
"407",2018-12-23,1.91824833358704,"Burnaby South"
"408",2018-12-30,2.2598437635663,"Burnaby South"
"409",2019-01-06,2.22361585356142,"Burnaby South"
"410",2019-01-13,2.55269065352946,"Burnaby South"
"411",2019-01-20,2.04448169214445,"Burnaby South"
"412",2019-01-27,2.51094810179911,"Burnaby South"
"413",2019-02-03,2.76978148035374,"Burnaby South"
"414",2019-02-10,2.8583312116914,"Burnaby South"
"415",2019-02-17,2.40965174086363,"Burnaby South"
"416",2019-02-24,2.66491128137881,"Burnaby South"
"417",2019-03-03,2.93566619997135,"Burnaby South"
"418",2019-03-10,2.48192665598623,"Burnaby South"
"419",2019-03-17,2.79707141688701,"Burnaby South"
"420",2019-03-24,2.52730664476883,"Burnaby South"
"421",2019-03-31,2.66921477468831,"Burnaby South"
"422",2019-04-07,2.39649543332195,"Burnaby South"
"423",2019-04-14,2.25747176048078,"Burnaby South"
"424",2019-04-21,2.36569428953886,"Burnaby South"
"425",2019-04-28,2.42124231176112,"Burnaby South"
"426",2019-05-05,2.30397077655538,"Burnaby South"
"427",2019-05-12,2.19601875293072,"Burnaby South"
"428",2019-05-19,2.15939900034851,"Burnaby South"
"429",2019-05-26,2.37956073734235,"Burnaby South"
"430",2019-06-02,2.07812648532397,"Burnaby South"
"431",2019-06-09,2.13324282020455,"Burnaby South"
"432",2019-06-16,1.68403554816859,"Burnaby South"
"433",2019-06-23,1.93395438410729,"Burnaby South"
"434",2019-06-30,1.80348253979748,"Burnaby South"
"435",2019-07-07,1.7029563243843,"Burnaby South"
"436",2019-07-14,1.60409492611277,"Burnaby South"
"437",2019-07-21,1.81933865996249,"Burnaby South"
"438",2019-07-28,1.94703709027024,"Burnaby South"
"439",2019-08-04,2.18807518166443,"Burnaby South"
"440",2019-08-11,1.91632998622931,"Burnaby South"
"441",2019-08-18,1.97430861166218,"Burnaby South"
"442",2019-08-25,2.13379500301261,"Burnaby South"
"443",2019-09-01,1.95502754623948,"Burnaby South"
"444",2019-09-08,1.71868269471467,"Burnaby South"
"445",2019-09-15,1.56397147521412,"Burnaby South"
"446",2019-09-22,1.63138651653882,"Burnaby South"
"447",2019-09-29,1.92959638948806,"Burnaby South"
"448",2019-10-06,2.14356256462227,"Burnaby South"
"449",2019-10-13,2.02451887131728,"Burnaby South"
"450",2019-10-20,1.8113614537375,"Burnaby South"
"451",2019-10-27,2.39843318412411,"Burnaby South"
"452",2019-11-03,2.30627223354761,"Burnaby South"
"453",2019-11-10,1.855611585669,"Burnaby South"
"454",2019-11-17,2.1031029634061,"Burnaby South"
"455",2019-11-24,2.37953690135737,"Burnaby South"
"456",2019-12-01,2.23823427407292,"Burnaby South"
"457",2019-12-08,1.94994859934517,"Burnaby South"
"458",2019-12-15,2.19123595938208,"Burnaby South"
"459",2019-12-22,1.88254630137694,"Burnaby South"
"460",2019-12-29,2.01141318445856,"Burnaby South"
"461",2020-01-05,2.12033062302906,"Burnaby South"
"462",2020-01-12,2.26234723793676,"Burnaby South"
"463",2020-01-19,2.15621985700569,"Burnaby South"
"464",2020-01-26,2.1181912037582,"Burnaby South"
"465",2020-02-02,2.10612314085996,"Burnaby South"
"466",2020-02-09,2.20910937459573,"Burnaby South"
"467",2020-02-16,2.36728691703023,"Burnaby South"
"468",2020-02-23,2.18221883227891,"Burnaby South"
"469",2020-03-01,2.19560538075241,"Burnaby South"
"470",2020-03-08,2.26239825254542,"Burnaby South"
"471",2020-03-15,2.79280986573055,"Burnaby South"
"472",2020-03-22,2.2453733200116,"Burnaby South"
"473",2020-03-29,2.12976641040843,"Burnaby South"
"474",2020-04-05,2.33433250900339,"Burnaby South"
"475",2020-04-12,2.60857816759455,"Burnaby South"
"476",2020-04-19,2.19178436545942,"Burnaby South"
"477",2020-04-26,2.47024511225456,"Burnaby South"
"478",2020-05-03,2.4041250036331,"Burnaby South"
"479",2020-05-10,2.23524747529387,"Burnaby South"
"480",2020-05-17,1.90748263723036,"Burnaby South"
"481",2020-05-24,2.28900145004967,"Burnaby South"
"482",2020-05-31,1.92820291636514,"Burnaby South"
"483",2020-06-07,1.7341628145383,"Burnaby South"
"484",2020-06-14,1.84210134046829,"Burnaby South"
"485",2020-06-21,1.69381600575221,"Burnaby South"
"486",2020-06-28,1.63531527516195,"Burnaby South"
"487",2020-07-05,1.72194822150174,"Burnaby South"
"488",2020-07-12,1.81583701021519,"Burnaby South"
"489",2020-07-19,1.41453150725218,"Burnaby South"
"490",2020-07-26,2.24142053336271,"Burnaby South"
"491",2020-08-02,1.65138824286038,"Burnaby South"
"492",2020-08-09,2.0386032879615,"Burnaby South"
"493",2020-08-16,1.97895922532284,"Burnaby South"
"494",2020-08-23,1.67866998880947,"Burnaby South"
"495",2020-08-30,1.92442127922548,"Burnaby South"
"496",2020-09-06,4.03007612379442,"Burnaby South"
"497",2020-09-13,4.55864430484444,"Burnaby South"
"498",2020-09-20,1.76043072279479,"Burnaby South"
"499",2020-09-27,1.98114083266986,"Burnaby South"
"500",2020-10-04,1.85285159236677,"Burnaby South"
"501",2020-10-11,1.75803290150701,"Burnaby South"
"502",2020-10-18,1.87511905586545,"Burnaby South"
"503",2020-10-25,2.14768681806951,"Burnaby South"
"504",2020-11-01,1.98248945561765,"Burnaby South"
"505",2020-11-08,1.94805806656298,"Burnaby South"
"506",2020-11-15,2.07986402754511,"Burnaby South"
"507",2020-11-22,2.04240815750607,"Burnaby South"
"508",2020-11-29,2.08606399755553,"Burnaby South"
"509",2020-12-06,1.98786269628942,"Burnaby South"
"510",2020-12-13,2.12733569082899,"Burnaby South"
"511",2020-12-20,2.21045769235919,"Burnaby South"
"512",2020-12-27,1.98958698661509,"Burnaby South"
"513",2021-01-03,2.17649748894888,"Burnaby South"
"514",2021-01-10,2.08874375049986,"Burnaby South"
"515",2021-01-17,2.10086449399814,"Burnaby South"
"516",2021-01-24,2.03560318185115,"Burnaby South"
"517",2021-01-31,2.16269819025669,"Burnaby South"
"518",2021-02-07,2.41382104670857,"Burnaby South"
"519",2021-02-14,2.23351177675488,"Burnaby South"
"520",2021-02-21,2.3640764879226,"Burnaby South"
"521",2021-02-28,2.33387991010635,"Burnaby South"
"522",2021-03-07,2.42284176119243,"Burnaby South"
"523",2021-03-14,2.42310053735733,"Burnaby South"
"524",2021-03-21,2.19989059103932,"Burnaby South"
"525",2021-03-28,2.49154877684899,"Burnaby South"
"526",2021-04-04,2.45281806885258,"Burnaby South"
"527",2021-04-11,2.77958422686191,"Burnaby South"
"528",2021-04-18,2.63244511781702,"Burnaby South"
"529",2021-04-25,2.03620380106595,"Burnaby South"
"530",2021-05-02,2.27714513298256,"Burnaby South"
"531",2021-05-09,2.09440942454872,"Burnaby South"
"532",2021-05-16,2.13125120383144,"Burnaby South"
"533",2021-05-23,1.79789407111078,"Burnaby South"
"534",2021-05-30,2.11501119354702,"Burnaby South"
"535",2021-06-06,1.87574979114956,"Burnaby South"
"536",2021-06-13,1.89375131516691,"Burnaby South"
"537",2021-06-20,1.95797934818418,"Burnaby South"
"538",2021-06-27,2.2209057946288,"Burnaby South"
"539",2021-07-04,1.93889824275185,"Burnaby South"
"540",2021-07-11,1.64258575348076,"Burnaby South"
"541",2021-07-18,1.77617398086713,"Burnaby South"
"542",2021-07-25,2.27753473850967,"Burnaby South"
"543",2021-08-01,1.89316058118533,"Burnaby South"
"544",2021-08-08,2.70381934664364,"Burnaby South"
"545",2021-08-15,1.78083053346878,"Burnaby South"
"546",2021-08-22,2.10553162743164,"Burnaby South"
"547",2021-08-29,2.04150502059525,"Burnaby South"
"548",2021-09-05,2.14768793834136,"Burnaby South"
"549",2021-09-12,1.94092082281873,"Burnaby South"
"550",2021-09-19,1.80866925366531,"Burnaby South"
"551",2021-09-26,1.86390408159786,"Burnaby South"
"552",2021-10-03,1.80774870807955,"Burnaby South"
"553",2021-10-10,1.83287485272382,"Burnaby South"
"554",2021-10-17,1.88510209681428,"Burnaby South"
"555",2021-10-24,1.80398544262624,"Burnaby South"
"556",2021-10-31,2.09786359911086,"Burnaby South"
"557",2021-11-07,1.82731266171553,"Burnaby South"
"558",2021-11-14,1.93614542942404,"Burnaby South"
"559",2021-11-21,1.93023158262261,"Burnaby South"
"560",2021-11-28,1.91318059520483,"Burnaby South"
"561",2021-12-05,2.05958008772995,"Burnaby South"
"562",2021-12-12,2.14800568242922,"Burnaby South"
"563",2021-12-19,2.29720361624717,"Burnaby South"
"564",2021-12-26,2.61619124636057,"Burnaby South"
"565",2022-01-02,2.22067004517456,"Burnaby South"
"566",2022-01-09,2.03752303545853,"Burnaby South"
"567",2022-01-16,1.80443650286142,"Burnaby South"
"568",2022-01-23,2.29258784740793,"Burnaby South"
"569",2022-01-30,2.1468879517033,"Burnaby South"
"570",2022-02-06,2.11622245066716,"Burnaby South"
"571",2022-02-13,2.25608121283892,"Burnaby South"
"572",2022-02-20,2.53335117411661,"Burnaby South"
"573",2022-02-27,2.20510655724896,"Burnaby South"
"574",2022-03-06,2.30967007108524,"Burnaby South"
"575",2022-03-13,2.3658684401834,"Burnaby South"
"576",2022-03-20,2.17863188823334,"Burnaby South"
"577",2022-03-27,2.06355582796094,"Burnaby South"
"578",2022-04-03,2.47723017840252,"Burnaby South"
"579",2022-04-10,2.52182773558518,"Burnaby South"
"580",2022-04-17,2.55337733129857,"Burnaby South"
"581",2022-04-24,2.41701956528901,"Burnaby South"
"582",2022-05-01,2.34950529595451,"Burnaby South"
"583",2022-05-08,2.17196341846522,"Burnaby South"
"584",2022-05-15,2.25764549737093,"Burnaby South"
"585",2022-05-22,2.29854951595861,"Burnaby South"
"586",2022-05-29,2.10740825931445,"Burnaby South"
"587",2022-06-05,1.83059123936869,"Burnaby South"
"588",2022-06-12,1.93900481558283,"Burnaby South"
"589",2022-06-19,1.92487346457,"Burnaby South"
"590",2022-06-26,2.17299129999283,"Burnaby South"
"591",2022-07-03,1.73061303239548,"Burnaby South"
"592",2022-07-10,1.79748115622914,"Burnaby South"
"593",2022-07-17,1.74306313391744,"Burnaby South"
"594",2022-07-24,2.66902028965266,"Burnaby South"
"595",2022-07-31,1.7844223568665,"Burnaby South"
"596",2022-08-07,2.09709025480992,"Burnaby South"
"597",2022-08-14,2.3990643600468,"Burnaby South"
"598",2022-08-21,2.07458300879712,"Burnaby South"
"599",2022-08-28,2.24793103975537,"Burnaby South"
"600",2022-09-04,2.08895413811645,"Burnaby South"
"601",2022-09-11,2.88563677528442,"Burnaby South"
"602",2022-09-18,2.2967475102409,"Burnaby South"
"603",2022-09-25,2.47341262735461,"Burnaby South"
"604",2022-10-02,2.97671446941553,"Burnaby South"
"605",2022-10-09,2.52116445418542,"Burnaby South"
"606",2022-10-16,3.70555265104917,"Burnaby South"
"607",2022-10-23,1.99947576311114,"Burnaby South"
"608",2022-10-30,1.97038849756009,"Burnaby South"
"610",2017-01-01,2.63929258520287,"North Vancouver Mahon Park"
"611",2017-01-08,2.97115189802406,"North Vancouver Mahon Park"
"612",2017-01-15,2.34295232624512,"North Vancouver Mahon Park"
"613",2017-01-22,2.18710719207581,"North Vancouver Mahon Park"
"614",2017-01-29,2.66754762786564,"North Vancouver Mahon Park"
"615",2017-02-05,2.9425543902082,"North Vancouver Mahon Park"
"616",2017-02-12,2.32350551282309,"North Vancouver Mahon Park"
"617",2017-02-19,2.0995151670744,"North Vancouver Mahon Park"
"618",2017-02-26,2.35000152789605,"North Vancouver Mahon Park"
"619",2017-03-05,2.31467714383595,"North Vancouver Mahon Park"
"620",2017-03-12,2.08113897285013,"North Vancouver Mahon Park"
"621",2017-03-19,2.45265769483551,"North Vancouver Mahon Park"
"622",2017-03-26,2.24716885404567,"North Vancouver Mahon Park"
"623",2017-04-02,2.44671085283438,"North Vancouver Mahon Park"
"624",2017-04-09,2.32069791307027,"North Vancouver Mahon Park"
"625",2017-04-16,2.34930283304049,"North Vancouver Mahon Park"
"626",2017-04-23,2.02811225882726,"North Vancouver Mahon Park"
"627",2017-04-30,1.84566950651708,"North Vancouver Mahon Park"
"628",2017-05-07,2.25625178043252,"North Vancouver Mahon Park"
"629",2017-05-14,2.14853155217214,"North Vancouver Mahon Park"
"630",2017-05-21,2.47752119231034,"North Vancouver Mahon Park"
"631",2017-05-28,2.27158141658961,"North Vancouver Mahon Park"
"632",2017-06-04,2.37768455329519,"North Vancouver Mahon Park"
"633",2017-06-11,1.77584849106425,"North Vancouver Mahon Park"
"634",2017-06-18,1.72657404495869,"North Vancouver Mahon Park"
"635",2017-06-25,2.31542245206637,"North Vancouver Mahon Park"
"636",2017-07-02,2.35310813168289,"North Vancouver Mahon Park"
"637",2017-07-09,2.03816867392843,"North Vancouver Mahon Park"
"638",2017-07-16,1.76681574399471,"North Vancouver Mahon Park"
"639",2017-07-23,1.78685921739134,"North Vancouver Mahon Park"
"640",2017-07-30,3.76276420354919,"North Vancouver Mahon Park"
"641",2017-08-06,4.88774208755657,"North Vancouver Mahon Park"
"642",2017-08-13,1.77727790415109,"North Vancouver Mahon Park"
"643",2017-08-20,2.25981121756547,"North Vancouver Mahon Park"
"644",2017-08-27,2.56733006044613,"North Vancouver Mahon Park"
"645",2017-09-03,3.33930084049333,"North Vancouver Mahon Park"
"646",2017-09-10,2.15215921119013,"North Vancouver Mahon Park"
"647",2017-09-17,1.83602010930772,"North Vancouver Mahon Park"
"648",2017-09-24,1.95114366711615,"North Vancouver Mahon Park"
"649",2017-10-01,1.96666141163969,"North Vancouver Mahon Park"
"650",2017-10-08,1.55705626548056,"North Vancouver Mahon Park"
"651",2017-10-15,2.05889439692824,"North Vancouver Mahon Park"
"652",2017-10-22,1.87013490907963,"North Vancouver Mahon Park"
"653",2017-10-29,2.22832116595889,"North Vancouver Mahon Park"
"654",2017-11-05,2.15738701568079,"North Vancouver Mahon Park"
"655",2017-11-12,2.16002895536592,"North Vancouver Mahon Park"
"656",2017-11-19,1.92205052248791,"North Vancouver Mahon Park"
"657",2017-11-26,2.10155440309459,"North Vancouver Mahon Park"
"658",2017-12-03,1.96503458638569,"North Vancouver Mahon Park"
"659",2017-12-10,2.34748639004059,"North Vancouver Mahon Park"
"660",2017-12-17,2.05608688885512,"North Vancouver Mahon Park"
"661",2017-12-24,2.28764990001698,"North Vancouver Mahon Park"
"662",2017-12-31,2.57326707296409,"North Vancouver Mahon Park"
"663",2018-01-07,2.02907885223569,"North Vancouver Mahon Park"
"664",2018-01-14,2.17572510564114,"North Vancouver Mahon Park"
"665",2018-01-21,2.34840087838861,"North Vancouver Mahon Park"
"666",2018-01-28,2.06991763999021,"North Vancouver Mahon Park"
"667",2018-02-04,1.73807010375418,"North Vancouver Mahon Park"
"668",2018-02-11,2.22621029329074,"North Vancouver Mahon Park"
"669",2018-02-18,2.35212227488047,"North Vancouver Mahon Park"
"670",2018-02-25,2.32091619077436,"North Vancouver Mahon Park"
"671",2018-03-04,2.28173837113055,"North Vancouver Mahon Park"
"672",2018-03-11,2.48056120305222,"North Vancouver Mahon Park"
"673",2018-03-18,2.36414445599824,"North Vancouver Mahon Park"
"674",2018-03-25,2.14308726042621,"North Vancouver Mahon Park"
"675",2018-04-01,2.31230184253441,"North Vancouver Mahon Park"
"676",2018-04-08,2.53294371510269,"North Vancouver Mahon Park"
"677",2018-04-15,2.31175440293649,"North Vancouver Mahon Park"
"678",2018-04-22,2.73279399400201,"North Vancouver Mahon Park"
"679",2018-04-29,2.23961124449637,"North Vancouver Mahon Park"
"680",2018-05-06,2.33542790743027,"North Vancouver Mahon Park"
"681",2018-05-13,2.675639145018,"North Vancouver Mahon Park"
"682",2018-05-20,2.49430883565932,"North Vancouver Mahon Park"
"683",2018-05-27,2.24595646741629,"North Vancouver Mahon Park"
"684",2018-06-03,2.245803967712,"North Vancouver Mahon Park"
"685",2018-06-10,1.62541519548178,"North Vancouver Mahon Park"
"686",2018-06-17,2.33628435505059,"North Vancouver Mahon Park"
"687",2018-06-24,1.79693842317268,"North Vancouver Mahon Park"
"688",2018-07-01,1.58914421457779,"North Vancouver Mahon Park"
"689",2018-07-08,1.65535420375772,"North Vancouver Mahon Park"
"690",2018-07-15,1.93123733807663,"North Vancouver Mahon Park"
"691",2018-07-22,2.60973930281326,"North Vancouver Mahon Park"
"692",2018-07-29,2.54115229893237,"North Vancouver Mahon Park"
"693",2018-08-05,2.77400764687643,"North Vancouver Mahon Park"
"694",2018-08-12,3.35098294475933,"North Vancouver Mahon Park"
"695",2018-08-19,4.91586157497452,"North Vancouver Mahon Park"
"696",2018-08-26,2.03888393101781,"North Vancouver Mahon Park"
"697",2018-09-02,2.47499562593852,"North Vancouver Mahon Park"
"698",2018-09-09,1.57301514768227,"North Vancouver Mahon Park"
"699",2018-09-16,1.55395968654111,"North Vancouver Mahon Park"
"700",2018-09-23,1.57867761959824,"North Vancouver Mahon Park"
"701",2018-09-30,1.71019019756375,"North Vancouver Mahon Park"
"702",2018-10-07,1.58377834795944,"North Vancouver Mahon Park"
"703",2018-10-14,2.79774615011891,"North Vancouver Mahon Park"
"704",2018-10-21,2.13664451396753,"North Vancouver Mahon Park"
"705",2018-10-28,1.87091852915468,"North Vancouver Mahon Park"
"706",2018-11-04,1.58094464784815,"North Vancouver Mahon Park"
"707",2018-11-11,2.12243071975127,"North Vancouver Mahon Park"
"708",2018-11-18,2.16384700956896,"North Vancouver Mahon Park"
"709",2018-11-25,1.76612071902493,"North Vancouver Mahon Park"
"710",2018-12-02,2.40741428426924,"North Vancouver Mahon Park"
"711",2018-12-09,2.11874215653336,"North Vancouver Mahon Park"
"712",2018-12-16,2.253516475126,"North Vancouver Mahon Park"
"713",2018-12-23,1.72005926137733,"North Vancouver Mahon Park"
"714",2018-12-30,2.18589385230974,"North Vancouver Mahon Park"
"715",2019-01-06,2.16464487078276,"North Vancouver Mahon Park"
"716",2019-01-13,2.46347413517486,"North Vancouver Mahon Park"
"717",2019-01-20,1.73957645291782,"North Vancouver Mahon Park"
"718",2019-01-27,2.36518997618136,"North Vancouver Mahon Park"
"719",2019-02-03,2.69427392076976,"North Vancouver Mahon Park"
"720",2019-02-10,2.7425351255495,"North Vancouver Mahon Park"
"721",2019-02-17,2.14824294936699,"North Vancouver Mahon Park"
"722",2019-02-24,2.55155400143061,"North Vancouver Mahon Park"
"723",2019-03-03,2.70551722218204,"North Vancouver Mahon Park"
"724",2019-03-10,2.26161996498544,"North Vancouver Mahon Park"
"725",2019-03-17,2.90067421787167,"North Vancouver Mahon Park"
"726",2019-03-24,2.46465015779287,"North Vancouver Mahon Park"
"727",2019-03-31,2.51340056577481,"North Vancouver Mahon Park"
"728",2019-04-07,2.09296574258845,"North Vancouver Mahon Park"
"729",2019-04-14,2.13758857613119,"North Vancouver Mahon Park"
"730",2019-04-21,2.30933148648589,"North Vancouver Mahon Park"
"731",2019-04-28,2.45922459638028,"North Vancouver Mahon Park"
"732",2019-05-05,2.35038759331149,"North Vancouver Mahon Park"
"733",2019-05-12,2.20220456777117,"North Vancouver Mahon Park"
"734",2019-05-19,2.12111573591517,"North Vancouver Mahon Park"
"735",2019-05-26,2.44959295479885,"North Vancouver Mahon Park"
"736",2019-06-02,2.18583415503978,"North Vancouver Mahon Park"
"737",2019-06-09,2.09218445888525,"North Vancouver Mahon Park"
"738",2019-06-16,1.86917760636719,"North Vancouver Mahon Park"
"739",2019-06-23,1.89069829173598,"North Vancouver Mahon Park"
"740",2019-06-30,1.7080067784892,"North Vancouver Mahon Park"
"741",2019-07-07,1.50233115897509,"North Vancouver Mahon Park"
"742",2019-07-14,1.58620837203582,"North Vancouver Mahon Park"
"743",2019-07-21,1.86556527583347,"North Vancouver Mahon Park"
"744",2019-07-28,1.66672911621868,"North Vancouver Mahon Park"
"745",2019-08-04,2.3261635648606,"North Vancouver Mahon Park"
"746",2019-08-11,1.85307294064246,"North Vancouver Mahon Park"
"747",2019-08-18,1.89731954028581,"North Vancouver Mahon Park"
"748",2019-08-25,1.98256115112225,"North Vancouver Mahon Park"
"749",2019-09-01,2.03140593044689,"North Vancouver Mahon Park"
"750",2019-09-08,1.51794924674972,"North Vancouver Mahon Park"
"751",2019-09-15,1.43074520367585,"North Vancouver Mahon Park"
"752",2019-09-22,1.56597925415617,"North Vancouver Mahon Park"
"753",2019-09-29,1.64945233175499,"North Vancouver Mahon Park"
"754",2019-10-06,1.95372929190215,"North Vancouver Mahon Park"
"755",2019-10-13,1.95486797218334,"North Vancouver Mahon Park"
"756",2019-10-20,1.58710591304989,"North Vancouver Mahon Park"
"757",2019-10-27,2.41908266121212,"North Vancouver Mahon Park"
"758",2019-11-03,2.16820418270307,"North Vancouver Mahon Park"
"759",2019-11-10,1.63385471727527,"North Vancouver Mahon Park"
"760",2019-11-17,1.97276584193072,"North Vancouver Mahon Park"
"761",2019-11-24,2.30984366691949,"North Vancouver Mahon Park"
"762",2019-12-01,1.9199442603611,"North Vancouver Mahon Park"
"763",2019-12-08,1.60319437722,"North Vancouver Mahon Park"
"764",2019-12-15,1.93056799453152,"North Vancouver Mahon Park"
"765",2019-12-22,1.7134674961149,"North Vancouver Mahon Park"
"766",2019-12-29,1.8170708622783,"North Vancouver Mahon Park"
"767",2020-01-05,2.08799283673534,"North Vancouver Mahon Park"
"768",2020-01-12,2.29948554238089,"North Vancouver Mahon Park"
"769",2020-01-19,2.02847016548036,"North Vancouver Mahon Park"
"770",2020-01-26,2.11552206435331,"North Vancouver Mahon Park"
"771",2020-02-02,1.85892413552232,"North Vancouver Mahon Park"
"772",2020-02-09,1.93701557296712,"North Vancouver Mahon Park"
"773",2020-02-16,2.25138561556896,"North Vancouver Mahon Park"
"774",2020-02-23,2.02704962874646,"North Vancouver Mahon Park"
"775",2020-03-01,2.10398221142884,"North Vancouver Mahon Park"
"776",2020-03-08,2.09428034918822,"North Vancouver Mahon Park"
"777",2020-03-15,2.92962251186585,"North Vancouver Mahon Park"
"778",2020-03-22,2.18808527629948,"North Vancouver Mahon Park"
"779",2020-03-29,2.07730711809358,"North Vancouver Mahon Park"
"780",2020-04-05,2.38113186006676,"North Vancouver Mahon Park"
"781",2020-04-12,2.63673579291564,"North Vancouver Mahon Park"
"782",2020-04-19,1.95334742935888,"North Vancouver Mahon Park"
"783",2020-04-26,2.20956788395464,"North Vancouver Mahon Park"
"784",2020-05-03,2.2499189822725,"North Vancouver Mahon Park"
"785",2020-05-10,2.09457646519958,"North Vancouver Mahon Park"
"786",2020-05-17,1.81836035617773,"North Vancouver Mahon Park"
"787",2020-05-24,2.1457572425595,"North Vancouver Mahon Park"
"788",2020-05-31,1.81982510400612,"North Vancouver Mahon Park"
"789",2020-06-07,1.53722840452098,"North Vancouver Mahon Park"
"790",2020-06-14,1.66870988491735,"North Vancouver Mahon Park"
"791",2020-06-21,1.44275232958973,"North Vancouver Mahon Park"
"792",2020-06-28,1.58355225288764,"North Vancouver Mahon Park"
"793",2020-07-05,1.65851369461846,"North Vancouver Mahon Park"
"794",2020-07-12,1.54363293641111,"North Vancouver Mahon Park"
"795",2020-07-19,1.47128403390018,"North Vancouver Mahon Park"
"796",2020-07-26,2.32983142562462,"North Vancouver Mahon Park"
"797",2020-08-02,1.63076025263096,"North Vancouver Mahon Park"
"798",2020-08-09,1.8383680689866,"North Vancouver Mahon Park"
"799",2020-08-16,1.80255873540924,"North Vancouver Mahon Park"
"800",2020-08-23,1.55935722463134,"North Vancouver Mahon Park"
"801",2020-08-30,1.72347747114062,"North Vancouver Mahon Park"
"802",2020-09-06,3.74497401339118,"North Vancouver Mahon Park"
"803",2020-09-13,5.50826756451709,"North Vancouver Mahon Park"
"804",2020-09-20,1.70788030426566,"North Vancouver Mahon Park"
"805",2020-09-27,1.82828802151487,"North Vancouver Mahon Park"
"806",2020-10-04,1.68699131319161,"North Vancouver Mahon Park"
"807",2020-10-11,1.51279161602904,"North Vancouver Mahon Park"
"808",2020-10-18,1.59395556794099,"North Vancouver Mahon Park"
"809",2020-10-25,1.90323902252356,"North Vancouver Mahon Park"
"810",2020-11-01,1.89646105058286,"North Vancouver Mahon Park"
"811",2020-11-08,1.82025967774008,"North Vancouver Mahon Park"
"812",2020-11-15,1.92277245714747,"North Vancouver Mahon Park"
"813",2020-11-22,1.80073106245694,"North Vancouver Mahon Park"
"814",2020-11-29,2.07686009915728,"North Vancouver Mahon Park"
"815",2020-12-06,1.76576100892071,"North Vancouver Mahon Park"
"816",2020-12-13,1.95561849363321,"North Vancouver Mahon Park"
"817",2020-12-20,2.16390281901957,"North Vancouver Mahon Park"
"818",2020-12-27,1.71635334070267,"North Vancouver Mahon Park"
"819",2021-01-03,2.01770845790445,"North Vancouver Mahon Park"
"820",2021-01-10,1.9434530442156,"North Vancouver Mahon Park"
"821",2021-01-17,1.93501846017245,"North Vancouver Mahon Park"
"822",2021-01-24,1.82255112569598,"North Vancouver Mahon Park"
"823",2021-01-31,1.92610993080552,"North Vancouver Mahon Park"
"824",2021-02-07,2.47351970507126,"North Vancouver Mahon Park"
"825",2021-02-14,2.17442429076161,"North Vancouver Mahon Park"
"826",2021-02-21,2.33116864318142,"North Vancouver Mahon Park"
"827",2021-02-28,2.3040025484131,"North Vancouver Mahon Park"
"828",2021-03-07,2.30474409615835,"North Vancouver Mahon Park"
"829",2021-03-14,2.41152280757701,"North Vancouver Mahon Park"
"830",2021-03-21,2.08593460150204,"North Vancouver Mahon Park"
"831",2021-03-28,2.39698580639022,"North Vancouver Mahon Park"
"832",2021-04-04,2.31288531803523,"North Vancouver Mahon Park"
"833",2021-04-11,2.77358825957796,"North Vancouver Mahon Park"
"834",2021-04-18,2.60899017575103,"North Vancouver Mahon Park"
"835",2021-04-25,1.83917548870579,"North Vancouver Mahon Park"
"836",2021-05-02,2.10251997975855,"North Vancouver Mahon Park"
"837",2021-05-09,1.88217450702799,"North Vancouver Mahon Park"
"838",2021-05-16,2.08761182601176,"North Vancouver Mahon Park"
"839",2021-05-23,1.81830911208585,"North Vancouver Mahon Park"
"840",2021-05-30,2.04457900279923,"North Vancouver Mahon Park"
"841",2021-06-06,1.75025602388141,"North Vancouver Mahon Park"
"842",2021-06-13,1.75513792601121,"North Vancouver Mahon Park"
"843",2021-06-20,1.79057153222119,"North Vancouver Mahon Park"
"844",2021-06-27,1.85584530641355,"North Vancouver Mahon Park"
"845",2021-07-04,1.94797566722998,"North Vancouver Mahon Park"
"846",2021-07-11,1.80772986530042,"North Vancouver Mahon Park"
"847",2021-07-18,1.7080511922194,"North Vancouver Mahon Park"
"848",2021-07-25,2.2764347579763,"North Vancouver Mahon Park"
"849",2021-08-01,2.13320390465709,"North Vancouver Mahon Park"
"850",2021-08-08,2.68761166337586,"North Vancouver Mahon Park"
"851",2021-08-15,1.75492670366392,"North Vancouver Mahon Park"
"852",2021-08-22,1.99431393749005,"North Vancouver Mahon Park"
"853",2021-08-29,1.87455759643008,"North Vancouver Mahon Park"
"854",2021-09-05,2.03410741266791,"North Vancouver Mahon Park"
"855",2021-09-12,1.74594739603038,"North Vancouver Mahon Park"
"856",2021-09-19,1.68922144904208,"North Vancouver Mahon Park"
"857",2021-09-26,1.84639525507809,"North Vancouver Mahon Park"
"858",2021-10-03,1.65571988343033,"North Vancouver Mahon Park"
"859",2021-10-10,1.65575196404449,"North Vancouver Mahon Park"
"860",2021-10-17,1.93010829919506,"North Vancouver Mahon Park"
"861",2021-10-24,1.89996988507983,"North Vancouver Mahon Park"
"862",2021-10-31,2.18318140518125,"North Vancouver Mahon Park"
"863",2021-11-07,1.88718638186622,"North Vancouver Mahon Park"
"864",2021-11-14,1.79024902882086,"North Vancouver Mahon Park"
"865",2021-11-21,1.77513720985752,"North Vancouver Mahon Park"
"866",2021-11-28,1.89803541321824,"North Vancouver Mahon Park"
"867",2021-12-05,1.80277383439923,"North Vancouver Mahon Park"
"868",2021-12-12,1.90053682315072,"North Vancouver Mahon Park"
"869",2021-12-19,2.18785122611268,"North Vancouver Mahon Park"
"870",2021-12-26,2.62412812659636,"North Vancouver Mahon Park"
"871",2022-01-02,2.27582969856211,"North Vancouver Mahon Park"
"872",2022-01-09,1.78057671852542,"North Vancouver Mahon Park"
"873",2022-01-16,1.5144367888488,"North Vancouver Mahon Park"
"874",2022-01-23,1.96059251450854,"North Vancouver Mahon Park"
"875",2022-01-30,1.93666279676625,"North Vancouver Mahon Park"
"876",2022-02-06,1.88306117205938,"North Vancouver Mahon Park"
"877",2022-02-13,1.98612069579401,"North Vancouver Mahon Park"
"878",2022-02-20,2.42880655238956,"North Vancouver Mahon Park"
"879",2022-02-27,1.93824960509687,"North Vancouver Mahon Park"
"880",2022-03-06,2.13997293324959,"North Vancouver Mahon Park"
"881",2022-03-13,2.12165607445639,"North Vancouver Mahon Park"
"882",2022-03-20,1.89520122446014,"North Vancouver Mahon Park"
"883",2022-03-27,1.85754140615163,"North Vancouver Mahon Park"
"884",2022-04-03,2.29834704425529,"North Vancouver Mahon Park"
"885",2022-04-10,2.25124938482051,"North Vancouver Mahon Park"
"886",2022-04-17,2.36119943542422,"North Vancouver Mahon Park"
"887",2022-04-24,2.12036402340739,"North Vancouver Mahon Park"
"888",2022-05-01,2.16907043637161,"North Vancouver Mahon Park"
"889",2022-05-08,1.91941172361869,"North Vancouver Mahon Park"
"890",2022-05-15,2.05980683324839,"North Vancouver Mahon Park"
"891",2022-05-22,2.02117460860115,"North Vancouver Mahon Park"
"892",2022-05-29,1.79197528022112,"North Vancouver Mahon Park"
"893",2022-06-05,1.66689353954011,"North Vancouver Mahon Park"
"894",2022-06-12,1.66105680435562,"North Vancouver Mahon Park"
"895",2022-06-19,1.56950296131311,"North Vancouver Mahon Park"
"896",2022-06-26,2.05442785677905,"North Vancouver Mahon Park"
"897",2022-07-03,1.45040014783962,"North Vancouver Mahon Park"
"898",2022-07-10,1.53824120268414,"North Vancouver Mahon Park"
"899",2022-07-17,1.57996218774216,"North Vancouver Mahon Park"
"900",2022-07-24,2.59788423097085,"North Vancouver Mahon Park"
"901",2022-07-31,1.76156849664448,"North Vancouver Mahon Park"
"902",2022-08-07,2.1195809904639,"North Vancouver Mahon Park"
"903",2022-08-14,2.29217983706475,"North Vancouver Mahon Park"
"904",2022-08-21,2.04640737150891,"North Vancouver Mahon Park"
"905",2022-08-28,2.34995381278738,"North Vancouver Mahon Park"
"906",2022-09-04,1.94805634118506,"North Vancouver Mahon Park"
"907",2022-09-11,3.05447355530854,"North Vancouver Mahon Park"
"908",2022-09-18,2.29575412474603,"North Vancouver Mahon Park"
"909",2022-09-25,2.40089793750176,"North Vancouver Mahon Park"
"910",2022-10-02,2.90840050973221,"North Vancouver Mahon Park"
"911",2022-10-09,2.4113322266873,"North Vancouver Mahon Park"
"912",2022-10-16,3.28216499140486,"North Vancouver Mahon Park"
"913",2022-10-23,1.79075017277865,"North Vancouver Mahon Park"
"914",2022-10-30,1.99109739451642,"North Vancouver Mahon Park"
"916",2017-01-01,2.35987610069998,"North Vancouver Second Narrows"
"917",2017-01-08,2.82420699189593,"North Vancouver Second Narrows"
"918",2017-01-15,2.29368292400144,"North Vancouver Second Narrows"
"919",2017-01-22,1.8396102739197,"North Vancouver Second Narrows"
"920",2017-01-29,2.25279043520322,"North Vancouver Second Narrows"
"921",2017-02-05,3.05621662265117,"North Vancouver Second Narrows"
"922",2017-02-12,2.14346901371219,"North Vancouver Second Narrows"
"923",2017-02-19,2.05694242508752,"North Vancouver Second Narrows"
"924",2017-02-26,2.46258260230071,"North Vancouver Second Narrows"
"925",2017-03-05,2.44827669926807,"North Vancouver Second Narrows"
"926",2017-03-12,2.25551757429746,"North Vancouver Second Narrows"
"927",2017-03-19,2.49033972186309,"North Vancouver Second Narrows"
"928",2017-03-26,2.38822897230814,"North Vancouver Second Narrows"
"929",2017-04-02,2.59244651137307,"North Vancouver Second Narrows"
"930",2017-04-09,2.43331626958238,"North Vancouver Second Narrows"
"931",2017-04-16,2.45694550671197,"North Vancouver Second Narrows"
"932",2017-04-23,2.19126749566324,"North Vancouver Second Narrows"
"933",2017-04-30,2.09087584363628,"North Vancouver Second Narrows"
"934",2017-05-07,2.32380507808979,"North Vancouver Second Narrows"
"935",2017-05-14,2.19661798850676,"North Vancouver Second Narrows"
"936",2017-05-21,2.70457395092277,"North Vancouver Second Narrows"
"937",2017-05-28,2.55702862448835,"North Vancouver Second Narrows"
"938",2017-06-04,2.49553862767084,"North Vancouver Second Narrows"
"939",2017-06-11,1.944629619136,"North Vancouver Second Narrows"
"940",2017-06-18,1.96093987208936,"North Vancouver Second Narrows"
"941",2017-06-25,2.60842878817281,"North Vancouver Second Narrows"
"942",2017-07-02,2.51887680418038,"North Vancouver Second Narrows"
"943",2017-07-09,2.24231098064424,"North Vancouver Second Narrows"
"944",2017-07-16,1.93594036587283,"North Vancouver Second Narrows"
"945",2017-07-23,1.89680359226369,"North Vancouver Second Narrows"
"946",2017-07-30,3.20492807575423,"North Vancouver Second Narrows"
"947",2017-08-06,4.98803230421142,"North Vancouver Second Narrows"
"948",2017-08-13,1.94645901564776,"North Vancouver Second Narrows"
"949",2017-08-20,2.33519354858807,"North Vancouver Second Narrows"
"950",2017-08-27,2.64711894363995,"North Vancouver Second Narrows"
"951",2017-09-03,3.23616896574565,"North Vancouver Second Narrows"
"952",2017-09-10,2.32765936365025,"North Vancouver Second Narrows"
"953",2017-09-17,1.95195971598394,"North Vancouver Second Narrows"
"954",2017-09-24,1.88402009695846,"North Vancouver Second Narrows"
"955",2017-10-01,1.79902060651492,"North Vancouver Second Narrows"
"956",2017-10-08,1.49307484754193,"North Vancouver Second Narrows"
"957",2017-10-15,2.074773783418,"North Vancouver Second Narrows"
"958",2017-10-22,1.61305638913039,"North Vancouver Second Narrows"
"959",2017-10-29,2.02226796791755,"North Vancouver Second Narrows"
"960",2017-11-05,2.2143431305189,"North Vancouver Second Narrows"
"961",2017-11-12,2.12613093099226,"North Vancouver Second Narrows"
"962",2017-11-19,1.91225930181508,"North Vancouver Second Narrows"
"963",2017-11-26,2.00757000556738,"North Vancouver Second Narrows"
"964",2017-12-03,1.62779741339271,"North Vancouver Second Narrows"
"965",2017-12-10,1.77651994637452,"North Vancouver Second Narrows"
"966",2017-12-17,1.96622235580948,"North Vancouver Second Narrows"
"967",2017-12-24,2.01733266470907,"North Vancouver Second Narrows"
"968",2018-01-07,2.06482157072535,"North Vancouver Second Narrows"
"969",2018-01-14,2.18720651855006,"North Vancouver Second Narrows"
"970",2018-01-21,2.43153379510031,"North Vancouver Second Narrows"
"971",2018-01-28,1.98708101211858,"North Vancouver Second Narrows"
"972",2018-02-04,1.79583035288375,"North Vancouver Second Narrows"
"973",2018-02-11,2.06378072706979,"North Vancouver Second Narrows"
"974",2018-02-18,2.35957567304143,"North Vancouver Second Narrows"
"975",2018-02-25,2.26295645401034,"North Vancouver Second Narrows"
"976",2018-03-04,2.19970758937166,"North Vancouver Second Narrows"
"977",2018-03-11,2.33235188236133,"North Vancouver Second Narrows"
"978",2018-03-18,2.2368950943239,"North Vancouver Second Narrows"
"979",2018-03-25,2.01400710578994,"North Vancouver Second Narrows"
"980",2018-04-01,2.18103170043901,"North Vancouver Second Narrows"
"981",2018-04-08,2.52966745160733,"North Vancouver Second Narrows"
"982",2018-04-15,2.38213679917521,"North Vancouver Second Narrows"
"983",2018-04-22,2.80961298913244,"North Vancouver Second Narrows"
"984",2018-04-29,2.35174103173677,"North Vancouver Second Narrows"
"985",2018-05-06,2.49961853035017,"North Vancouver Second Narrows"
"986",2018-05-13,2.74451581990944,"North Vancouver Second Narrows"
"987",2018-05-20,2.42404395718558,"North Vancouver Second Narrows"
"988",2018-05-27,2.27294569806121,"North Vancouver Second Narrows"
"989",2018-06-03,2.15710522519201,"North Vancouver Second Narrows"
"990",2018-06-10,1.65509793723915,"North Vancouver Second Narrows"
"991",2018-06-17,2.34017117610764,"North Vancouver Second Narrows"
"992",2018-06-24,1.85015792285832,"North Vancouver Second Narrows"
"993",2018-07-01,1.7794460707702,"North Vancouver Second Narrows"
"994",2018-07-08,1.6478749751183,"North Vancouver Second Narrows"
"995",2018-07-15,2.06821659565766,"North Vancouver Second Narrows"
"996",2018-07-22,2.90988269478058,"North Vancouver Second Narrows"
"997",2018-07-29,2.67005455041946,"North Vancouver Second Narrows"
"998",2018-08-05,2.94681081413308,"North Vancouver Second Narrows"
"999",2018-08-12,3.39419192961137,"North Vancouver Second Narrows"
"1000",2018-08-19,4.88393072979376,"North Vancouver Second Narrows"
"1001",2018-08-26,2.06856520535021,"North Vancouver Second Narrows"
"1002",2018-09-02,2.4094690570827,"North Vancouver Second Narrows"
"1003",2018-09-09,1.5315468959405,"North Vancouver Second Narrows"
"1004",2018-09-16,1.56195385930932,"North Vancouver Second Narrows"
"1005",2018-09-23,1.46331131148103,"North Vancouver Second Narrows"
"1006",2018-09-30,1.61215146063233,"North Vancouver Second Narrows"
"1007",2018-10-07,1.52315415083861,"North Vancouver Second Narrows"
"1008",2018-10-14,2.12178038717056,"North Vancouver Second Narrows"
"1009",2018-10-21,1.88323616558705,"North Vancouver Second Narrows"
"1010",2018-10-28,1.84239889649197,"North Vancouver Second Narrows"
"1011",2018-11-04,1.61350332175198,"North Vancouver Second Narrows"
"1012",2018-11-11,1.62287269873981,"North Vancouver Second Narrows"
"1013",2018-11-18,1.80895347490435,"North Vancouver Second Narrows"
"1014",2018-11-25,1.69888566279429,"North Vancouver Second Narrows"
"1015",2018-12-02,1.83212171846284,"North Vancouver Second Narrows"
"1016",2018-12-09,2.04306833092803,"North Vancouver Second Narrows"
"1017",2018-12-16,2.22924302647582,"North Vancouver Second Narrows"
"1018",2018-12-23,1.52319530778069,"North Vancouver Second Narrows"
"1019",2018-12-30,1.63934842627607,"North Vancouver Second Narrows"
"1020",2019-01-06,2.1417339164671,"North Vancouver Second Narrows"
"1021",2019-01-13,2.09179861173507,"North Vancouver Second Narrows"
"1022",2019-01-20,1.6062037720401,"North Vancouver Second Narrows"
"1023",2019-01-27,1.81774833320099,"North Vancouver Second Narrows"
"1024",2019-02-03,2.53995741907349,"North Vancouver Second Narrows"
"1025",2019-02-10,2.62944892955848,"North Vancouver Second Narrows"
"1026",2019-02-17,1.99915689687211,"North Vancouver Second Narrows"
"1027",2019-02-24,2.68302833809909,"North Vancouver Second Narrows"
"1028",2019-03-03,2.7989685418396,"North Vancouver Second Narrows"
"1029",2019-03-10,2.22778989859416,"North Vancouver Second Narrows"
"1030",2019-03-17,2.79823978090056,"North Vancouver Second Narrows"
"1031",2019-03-24,2.52583914403806,"North Vancouver Second Narrows"
"1032",2019-03-31,2.67732655140514,"North Vancouver Second Narrows"
"1033",2019-04-07,2.16618042802161,"North Vancouver Second Narrows"
"1034",2019-04-14,2.01964483857734,"North Vancouver Second Narrows"
"1035",2019-04-21,2.4339310648561,"North Vancouver Second Narrows"
"1036",2019-04-28,2.73699412425671,"North Vancouver Second Narrows"
"1037",2019-05-05,3.1288345790024,"North Vancouver Second Narrows"
"1038",2019-05-12,2.6042076587837,"North Vancouver Second Narrows"
"1039",2019-05-19,2.87279215192844,"North Vancouver Second Narrows"
"1040",2019-05-26,3.12365784501149,"North Vancouver Second Narrows"
"1041",2019-06-02,2.4027025738885,"North Vancouver Second Narrows"
"1042",2019-06-09,2.72999488361491,"North Vancouver Second Narrows"
"1043",2019-06-16,2.63779498172747,"North Vancouver Second Narrows"
"1044",2019-06-23,2.42637661570883,"North Vancouver Second Narrows"
"1045",2019-06-30,1.93889049050546,"North Vancouver Second Narrows"
"1046",2019-07-07,2.22943968499576,"North Vancouver Second Narrows"
"1047",2019-07-14,2.41124303629961,"North Vancouver Second Narrows"
"1048",2019-07-21,2.52090978832298,"North Vancouver Second Narrows"
"1049",2019-07-28,2.32827609360592,"North Vancouver Second Narrows"
"1050",2019-08-04,2.70111474865464,"North Vancouver Second Narrows"
"1051",2019-08-11,2.39670092325391,"North Vancouver Second Narrows"
"1052",2019-08-18,2.16242423144455,"North Vancouver Second Narrows"
"1053",2019-08-25,2.15338430190301,"North Vancouver Second Narrows"
"1054",2019-09-01,2.03018655286293,"North Vancouver Second Narrows"
"1055",2019-09-08,1.63658897549091,"North Vancouver Second Narrows"
"1056",2019-09-15,1.5387721205378,"North Vancouver Second Narrows"
"1057",2019-09-22,1.64903970856029,"North Vancouver Second Narrows"
"1058",2019-09-29,1.68637324296201,"North Vancouver Second Narrows"
"1059",2019-10-06,1.8684208121543,"North Vancouver Second Narrows"
"1060",2019-10-13,1.89116339132295,"North Vancouver Second Narrows"
"1061",2019-10-27,1.87321333052899,"North Vancouver Second Narrows"
"1062",2019-11-03,1.47061577937498,"North Vancouver Second Narrows"
"1063",2019-11-10,1.38595535664199,"North Vancouver Second Narrows"
"1064",2019-11-17,1.64139603251219,"North Vancouver Second Narrows"
"1065",2019-11-24,1.95625617281447,"North Vancouver Second Narrows"
"1066",2019-12-01,1.63254129087703,"North Vancouver Second Narrows"
"1067",2019-12-08,1.46972663259171,"North Vancouver Second Narrows"
"1068",2019-12-15,1.81485950424846,"North Vancouver Second Narrows"
"1069",2019-12-22,1.31602837922039,"North Vancouver Second Narrows"
"1070",2019-12-29,1.77072442763057,"North Vancouver Second Narrows"
"1071",2020-01-05,2.08192087911807,"North Vancouver Second Narrows"
"1072",2020-01-12,2.28235611485749,"North Vancouver Second Narrows"
"1073",2020-01-19,2.0384719104514,"North Vancouver Second Narrows"
"1074",2020-01-26,2.11171348172001,"North Vancouver Second Narrows"
"1075",2020-02-02,1.69601175315181,"North Vancouver Second Narrows"
"1076",2020-02-09,1.79785925886384,"North Vancouver Second Narrows"
"1077",2020-02-16,2.01330256287485,"North Vancouver Second Narrows"
"1078",2020-02-23,2.1481844958868,"North Vancouver Second Narrows"
"1079",2020-03-01,2.06027162345963,"North Vancouver Second Narrows"
"1080",2020-03-08,2.20696065379782,"North Vancouver Second Narrows"
"1081",2020-03-15,2.76357438979919,"North Vancouver Second Narrows"
"1082",2020-03-22,2.22817354683041,"North Vancouver Second Narrows"
"1083",2020-03-29,2.21779366367169,"North Vancouver Second Narrows"
"1084",2020-04-05,2.42923563773521,"North Vancouver Second Narrows"
"1085",2020-04-12,2.85179251970421,"North Vancouver Second Narrows"
"1086",2020-04-19,2.07743149953659,"North Vancouver Second Narrows"
"1087",2020-04-26,2.22850904976193,"North Vancouver Second Narrows"
"1088",2020-05-03,2.42014837039647,"North Vancouver Second Narrows"
"1089",2020-05-10,2.21949252312655,"North Vancouver Second Narrows"
"1090",2020-05-17,1.92601884708404,"North Vancouver Second Narrows"
"1091",2020-05-24,2.34311501673643,"North Vancouver Second Narrows"
"1092",2020-05-31,1.85626764216368,"North Vancouver Second Narrows"
"1093",2020-06-07,1.63937283348584,"North Vancouver Second Narrows"
"1094",2020-06-14,1.65535854870868,"North Vancouver Second Narrows"
"1095",2020-06-21,1.58805197908539,"North Vancouver Second Narrows"
"1096",2020-06-28,1.62555031390206,"North Vancouver Second Narrows"
"1097",2020-07-05,1.77334609794332,"North Vancouver Second Narrows"
"1098",2020-07-12,1.63004014754391,"North Vancouver Second Narrows"
"1099",2020-07-19,1.71833924432759,"North Vancouver Second Narrows"
"1100",2020-07-26,2.27462178146686,"North Vancouver Second Narrows"
"1101",2020-08-02,1.69416809285255,"North Vancouver Second Narrows"
"1102",2020-08-09,1.89542408301069,"North Vancouver Second Narrows"
"1103",2020-08-16,2.0835231002958,"North Vancouver Second Narrows"
"1104",2020-08-23,1.67239590376019,"North Vancouver Second Narrows"
"1105",2020-08-30,1.96196686487503,"North Vancouver Second Narrows"
"1106",2020-09-06,3.97720769589102,"North Vancouver Second Narrows"
"1107",2020-09-13,4.50637703511355,"North Vancouver Second Narrows"
"1108",2020-09-20,1.74996106168823,"North Vancouver Second Narrows"
"1109",2020-09-27,1.92386398796967,"North Vancouver Second Narrows"
"1110",2020-10-04,2.02551809946488,"North Vancouver Second Narrows"
"1111",2020-10-11,1.69687040382431,"North Vancouver Second Narrows"
"1112",2020-10-18,1.81320304102907,"North Vancouver Second Narrows"
"1113",2020-10-25,1.73122964138959,"North Vancouver Second Narrows"
"1114",2020-11-01,1.72682896450597,"North Vancouver Second Narrows"
"1115",2020-11-08,1.60724376790671,"North Vancouver Second Narrows"
"1116",2020-11-15,1.83522039451503,"North Vancouver Second Narrows"
"1117",2020-11-22,1.66231382046561,"North Vancouver Second Narrows"
"1118",2020-11-29,1.7006114727492,"North Vancouver Second Narrows"
"1119",2020-12-06,1.6691409040257,"North Vancouver Second Narrows"
"1120",2020-12-13,1.9259490151626,"North Vancouver Second Narrows"
"1121",2020-12-20,1.92902659676567,"North Vancouver Second Narrows"
"1122",2020-12-27,1.63403187133245,"North Vancouver Second Narrows"
"1123",2021-01-03,2.12102541267012,"North Vancouver Second Narrows"
"1124",2021-01-10,2.20350241988225,"North Vancouver Second Narrows"
"1125",2021-01-17,1.64794573420954,"North Vancouver Second Narrows"
"1126",2021-01-24,1.82642857886208,"North Vancouver Second Narrows"
"1127",2021-01-31,1.9881498220413,"North Vancouver Second Narrows"
"1128",2021-02-07,2.44074696132912,"North Vancouver Second Narrows"
"1129",2021-02-14,2.0891699370418,"North Vancouver Second Narrows"
"1130",2021-02-28,2.99053551195159,"North Vancouver Second Narrows"
"1131",2021-03-07,2.45892464274762,"North Vancouver Second Narrows"
"1132",2021-03-14,2.59120486503866,"North Vancouver Second Narrows"
"1133",2021-03-21,2.03589392771538,"North Vancouver Second Narrows"
"1134",2021-03-28,2.44562707063916,"North Vancouver Second Narrows"
"1135",2021-04-04,2.28764831639112,"North Vancouver Second Narrows"
"1136",2021-04-11,2.91862832711986,"North Vancouver Second Narrows"
"1137",2021-04-18,2.75484411578149,"North Vancouver Second Narrows"
"1138",2021-04-25,1.84495135137784,"North Vancouver Second Narrows"
"1139",2021-05-02,2.14227145886423,"North Vancouver Second Narrows"
"1140",2021-05-09,1.9169576178396,"North Vancouver Second Narrows"
"1141",2021-05-16,2.14086859093994,"North Vancouver Second Narrows"
"1142",2021-05-23,1.84424607175024,"North Vancouver Second Narrows"
"1143",2021-05-30,2.19489579529719,"North Vancouver Second Narrows"
"1144",2021-06-06,2.06863788391256,"North Vancouver Second Narrows"
"1145",2021-06-13,1.93841288408749,"North Vancouver Second Narrows"
"1146",2021-06-20,2.19681034571345,"North Vancouver Second Narrows"
"1147",2021-06-27,2.76692863922604,"North Vancouver Second Narrows"
"1148",2021-07-04,2.17500424941066,"North Vancouver Second Narrows"
"1149",2021-07-11,2.10466533414714,"North Vancouver Second Narrows"
"1150",2021-07-18,1.85991504783232,"North Vancouver Second Narrows"
"1151",2021-07-25,2.44505146463354,"North Vancouver Second Narrows"
"1152",2021-08-01,2.44874026571337,"North Vancouver Second Narrows"
"1153",2021-08-08,2.91759039310804,"North Vancouver Second Narrows"
"1154",2021-08-15,2.0257383532781,"North Vancouver Second Narrows"
"1155",2021-08-22,2.22685080570818,"North Vancouver Second Narrows"
"1156",2021-08-29,2.22356431402871,"North Vancouver Second Narrows"
"1157",2021-09-05,2.13841669614419,"North Vancouver Second Narrows"
"1158",2021-09-12,1.84667572876964,"North Vancouver Second Narrows"
"1159",2021-09-19,1.65076393603752,"North Vancouver Second Narrows"
"1160",2021-09-26,1.87620168288527,"North Vancouver Second Narrows"
"1161",2021-10-03,1.62353890150594,"North Vancouver Second Narrows"
"1162",2021-10-10,1.62767974624918,"North Vancouver Second Narrows"
"1163",2021-10-17,1.80310429372044,"North Vancouver Second Narrows"
"1164",2021-10-24,1.93102448812384,"North Vancouver Second Narrows"
"1165",2021-10-31,1.96223122385818,"North Vancouver Second Narrows"
"1166",2021-11-07,1.8527860528844,"North Vancouver Second Narrows"
"1167",2021-11-14,1.64867403725562,"North Vancouver Second Narrows"
"1168",2021-11-21,1.62121908225902,"North Vancouver Second Narrows"
"1169",2021-11-28,2.03870647211875,"North Vancouver Second Narrows"
"1170",2021-12-05,1.33353398142873,"North Vancouver Second Narrows"
"1171",2021-12-12,1.77669924415889,"North Vancouver Second Narrows"
"1172",2021-12-19,2.21934201851212,"North Vancouver Second Narrows"
"1173",2021-12-26,2.42930539822389,"North Vancouver Second Narrows"
"1174",2022-01-02,2.42001795507933,"North Vancouver Second Narrows"
"1175",2022-01-09,1.72055370119684,"North Vancouver Second Narrows"
"1176",2022-01-16,1.29240498589618,"North Vancouver Second Narrows"
"1177",2022-01-23,1.88969143592279,"North Vancouver Second Narrows"
"1178",2022-01-30,1.89054059840477,"North Vancouver Second Narrows"
"1179",2022-02-06,1.72152006624288,"North Vancouver Second Narrows"
"1180",2022-02-13,1.81419189008051,"North Vancouver Second Narrows"
"1181",2022-02-20,2.35731387033584,"North Vancouver Second Narrows"
"1182",2022-02-27,1.95317894280431,"North Vancouver Second Narrows"
"1183",2022-03-06,2.15155393291965,"North Vancouver Second Narrows"
"1184",2022-03-13,2.12991504723769,"North Vancouver Second Narrows"
"1185",2022-03-20,1.93627041449275,"North Vancouver Second Narrows"
"1186",2022-03-27,2.06680225042631,"North Vancouver Second Narrows"
"1187",2022-04-03,2.57883368406469,"North Vancouver Second Narrows"
"1188",2022-04-10,2.39189175861537,"North Vancouver Second Narrows"
"1189",2022-04-17,2.41091966038754,"North Vancouver Second Narrows"
"1190",2022-04-24,2.20468211248076,"North Vancouver Second Narrows"
"1191",2022-05-01,2.35356976633933,"North Vancouver Second Narrows"
"1192",2022-05-08,2.10964065560418,"North Vancouver Second Narrows"
"1193",2022-05-15,2.35564707756074,"North Vancouver Second Narrows"
"1194",2022-05-22,2.08970271668602,"North Vancouver Second Narrows"
"1195",2022-05-29,1.98568979051737,"North Vancouver Second Narrows"
"1196",2022-06-05,1.88092181945487,"North Vancouver Second Narrows"
"1197",2022-06-12,1.86309302280749,"North Vancouver Second Narrows"
"1198",2022-06-19,1.78935022853171,"North Vancouver Second Narrows"
"1199",2022-06-26,2.19773749629716,"North Vancouver Second Narrows"
"1200",2022-07-03,1.78714730234163,"North Vancouver Second Narrows"
"1201",2022-07-10,1.98089125791224,"North Vancouver Second Narrows"
"1202",2022-07-17,1.70281122633584,"North Vancouver Second Narrows"
"1203",2022-07-24,2.94323746288575,"North Vancouver Second Narrows"
"1204",2022-07-31,1.93098352666351,"North Vancouver Second Narrows"
"1205",2022-08-07,2.16124205780526,"North Vancouver Second Narrows"
"1206",2022-08-14,2.50956924425037,"North Vancouver Second Narrows"
"1207",2022-08-21,2.28711207248466,"North Vancouver Second Narrows"
"1208",2022-08-28,2.48468019395432,"North Vancouver Second Narrows"
"1209",2022-09-04,2.02463395673586,"North Vancouver Second Narrows"
"1210",2022-09-11,3.1350831719795,"North Vancouver Second Narrows"
"1211",2022-09-18,2.36551270120238,"North Vancouver Second Narrows"
"1212",2022-09-25,2.42243966480457,"North Vancouver Second Narrows"
"1213",2022-10-02,2.84020981877769,"North Vancouver Second Narrows"
"1214",2022-10-09,2.23247624304941,"North Vancouver Second Narrows"
"1215",2022-10-16,3.22237405210016,"North Vancouver Second Narrows"
"1216",2022-10-23,1.74860143119585,"North Vancouver Second Narrows"
"1217",2022-10-30,1.94375874460104,"North Vancouver Second Narrows"
"1219",2017-01-01,3.43587944545509,"Vancouver International Airport #2"
"1220",2017-01-08,3.73366974091723,"Vancouver International Airport #2"
"1221",2017-01-15,2.9280064308207,"Vancouver International Airport #2"
"1222",2017-01-22,2.88097074459411,"Vancouver International Airport #2"
"1223",2017-01-29,3.11876164498443,"Vancouver International Airport #2"
"1224",2017-02-05,3.40521377244582,"Vancouver International Airport #2"
"1225",2017-02-12,2.85884860723692,"Vancouver International Airport #2"
"1226",2017-02-19,2.65298831891839,"Vancouver International Airport #2"
"1227",2017-02-26,2.81913875027382,"Vancouver International Airport #2"
"1228",2017-03-05,2.8441552327146,"Vancouver International Airport #2"
"1229",2017-03-12,2.49418795633268,"Vancouver International Airport #2"
"1230",2017-03-19,2.65012127176382,"Vancouver International Airport #2"
"1231",2017-03-26,2.47543403373853,"Vancouver International Airport #2"
"1232",2017-04-02,2.5635792381371,"Vancouver International Airport #2"
"1233",2017-04-09,2.51058644783421,"Vancouver International Airport #2"
"1234",2017-04-16,2.5486034776775,"Vancouver International Airport #2"
"1235",2017-04-23,2.34576770628194,"Vancouver International Airport #2"
"1236",2017-04-30,2.14318909919978,"Vancouver International Airport #2"
"1237",2017-05-07,2.45544058603894,"Vancouver International Airport #2"
"1238",2017-05-14,2.34649353327376,"Vancouver International Airport #2"
"1239",2017-05-21,2.61465204187038,"Vancouver International Airport #2"
"1240",2017-05-28,2.46794682446763,"Vancouver International Airport #2"
"1241",2017-06-04,2.63786260058133,"Vancouver International Airport #2"
"1242",2017-06-11,1.97340087512569,"Vancouver International Airport #2"
"1243",2017-06-18,2.12898660748565,"Vancouver International Airport #2"
"1244",2017-06-25,2.37682421325661,"Vancouver International Airport #2"
"1245",2017-07-02,2.37829609452111,"Vancouver International Airport #2"
"1246",2017-07-09,1.90174015591698,"Vancouver International Airport #2"
"1247",2017-07-16,1.86550126431622,"Vancouver International Airport #2"
"1248",2017-07-23,1.67002821060101,"Vancouver International Airport #2"
"1249",2017-07-30,2.46130547751519,"Vancouver International Airport #2"
"1250",2017-08-06,3.44562446202658,"Vancouver International Airport #2"
"1251",2017-08-13,1.73348323520842,"Vancouver International Airport #2"
"1252",2017-08-20,2.16132345169741,"Vancouver International Airport #2"
"1253",2017-08-27,2.48105192057264,"Vancouver International Airport #2"
"1254",2017-09-03,2.46319950512915,"Vancouver International Airport #2"
"1255",2017-09-10,2.32466332523194,"Vancouver International Airport #2"
"1256",2017-09-17,2.12330253265091,"Vancouver International Airport #2"
"1257",2017-09-24,2.15677523662872,"Vancouver International Airport #2"
"1258",2017-10-01,2.27118658607867,"Vancouver International Airport #2"
"1259",2017-10-08,1.88476997900556,"Vancouver International Airport #2"
"1260",2017-10-15,2.36518267774657,"Vancouver International Airport #2"
"1261",2017-10-22,2.32286772324174,"Vancouver International Airport #2"
"1262",2017-10-29,2.57631627111427,"Vancouver International Airport #2"
"1263",2017-11-05,2.77135005946051,"Vancouver International Airport #2"
"1264",2017-11-12,2.15369242744133,"Vancouver International Airport #2"
"1265",2017-11-19,2.13345850600618,"Vancouver International Airport #2"
"1266",2017-11-26,2.4304307842501,"Vancouver International Airport #2"
"1267",2017-12-03,2.43519834131167,"Vancouver International Airport #2"
"1268",2017-12-10,2.81215530540939,"Vancouver International Airport #2"
"1269",2017-12-17,2.89662966879645,"Vancouver International Airport #2"
"1270",2017-12-24,2.59987799662072,"Vancouver International Airport #2"
"1271",2017-12-31,2.67006732041792,"Vancouver International Airport #2"
"1272",2018-01-07,2.57206423910488,"Vancouver International Airport #2"
"1273",2018-01-14,2.37546967219899,"Vancouver International Airport #2"
"1274",2018-01-21,2.48974650209904,"Vancouver International Airport #2"
"1275",2018-01-28,2.51667775660413,"Vancouver International Airport #2"
"1276",2018-02-04,2.07337989538127,"Vancouver International Airport #2"
"1277",2018-02-11,2.66639297321865,"Vancouver International Airport #2"
"1278",2018-02-18,2.98946370358385,"Vancouver International Airport #2"
"1279",2018-02-25,2.88168030462389,"Vancouver International Airport #2"
"1280",2018-03-04,2.81051351636478,"Vancouver International Airport #2"
"1281",2018-03-11,3.06961224697247,"Vancouver International Airport #2"
"1282",2018-03-18,2.79735079598025,"Vancouver International Airport #2"
"1283",2018-03-25,2.42724649159396,"Vancouver International Airport #2"
"1284",2018-04-01,2.59676892437876,"Vancouver International Airport #2"
"1285",2018-04-08,2.66165216655,"Vancouver International Airport #2"
"1286",2018-04-15,2.64179283854333,"Vancouver International Airport #2"
"1287",2018-04-22,2.82931677578678,"Vancouver International Airport #2"
"1288",2018-04-29,2.44776897212162,"Vancouver International Airport #2"
"1289",2018-05-06,2.3493839195894,"Vancouver International Airport #2"
"1290",2018-05-13,2.31847654381784,"Vancouver International Airport #2"
"1291",2018-05-20,2.37735166012111,"Vancouver International Airport #2"
"1292",2018-05-27,2.40160885533585,"Vancouver International Airport #2"
"1293",2018-06-03,2.2498833389123,"Vancouver International Airport #2"
"1294",2018-06-10,1.88423862055967,"Vancouver International Airport #2"
"1295",2018-06-17,2.09732075807348,"Vancouver International Airport #2"
"1296",2018-06-24,1.84852974161966,"Vancouver International Airport #2"
"1297",2018-07-01,1.82935434238874,"Vancouver International Airport #2"
"1298",2018-07-08,1.76200599595668,"Vancouver International Airport #2"
"1299",2018-07-15,1.79695641820309,"Vancouver International Airport #2"
"1300",2018-07-22,2.58477490751178,"Vancouver International Airport #2"
"1301",2018-07-29,2.25146625097123,"Vancouver International Airport #2"
"1302",2018-08-05,2.42819136966224,"Vancouver International Airport #2"
"1303",2018-08-12,2.80161665604683,"Vancouver International Airport #2"
"1304",2018-08-19,5.6771660059438,"Vancouver International Airport #2"
"1305",2018-08-26,2.12080888891351,"Vancouver International Airport #2"
"1306",2018-09-02,2.43453163325327,"Vancouver International Airport #2"
"1307",2018-09-09,1.6993359145192,"Vancouver International Airport #2"
"1308",2018-09-16,1.69228317098186,"Vancouver International Airport #2"
"1309",2018-09-23,1.71064094109543,"Vancouver International Airport #2"
"1310",2018-09-30,1.86509682223475,"Vancouver International Airport #2"
"1311",2018-10-07,1.92563446180638,"Vancouver International Airport #2"
"1312",2018-10-14,2.74886704888414,"Vancouver International Airport #2"
"1313",2018-10-21,2.26563738203353,"Vancouver International Airport #2"
"1314",2018-10-28,2.13080296420785,"Vancouver International Airport #2"
"1315",2018-11-04,2.20283966050316,"Vancouver International Airport #2"
"1316",2018-11-11,2.28449094682547,"Vancouver International Airport #2"
"1317",2018-11-18,2.53679768455917,"Vancouver International Airport #2"
"1318",2018-11-25,2.02708195871671,"Vancouver International Airport #2"
"1319",2018-12-02,2.84383347509444,"Vancouver International Airport #2"
"1320",2018-12-09,2.36445800528928,"Vancouver International Airport #2"
"1321",2018-12-16,2.31270123755856,"Vancouver International Airport #2"
"1322",2018-12-23,2.06074695843239,"Vancouver International Airport #2"
"1323",2018-12-30,2.45435527812537,"Vancouver International Airport #2"
"1324",2019-01-06,2.42396401683486,"Vancouver International Airport #2"
"1325",2019-01-13,2.61933236948192,"Vancouver International Airport #2"
"1326",2019-01-20,2.21079659642746,"Vancouver International Airport #2"
"1327",2019-01-27,2.66401053324014,"Vancouver International Airport #2"
"1328",2019-02-03,2.89205245552979,"Vancouver International Airport #2"
"1329",2019-02-10,3.10063354471601,"Vancouver International Airport #2"
"1330",2019-02-17,2.6250371245714,"Vancouver International Airport #2"
"1331",2019-02-24,2.94586974536306,"Vancouver International Airport #2"
"1332",2019-03-03,3.2291919060038,"Vancouver International Airport #2"
"1333",2019-03-10,2.72186365132891,"Vancouver International Airport #2"
"1334",2019-03-17,3.13040360866349,"Vancouver International Airport #2"
"1335",2019-03-24,2.64910955385083,"Vancouver International Airport #2"
"1336",2019-03-31,2.75126982772938,"Vancouver International Airport #2"
"1337",2019-04-07,2.39665528346239,"Vancouver International Airport #2"
"1338",2019-04-14,2.41424330474965,"Vancouver International Airport #2"
"1339",2019-04-21,2.50787380357028,"Vancouver International Airport #2"
"1340",2019-04-28,2.49416546243353,"Vancouver International Airport #2"
"1341",2019-05-05,2.4820919110239,"Vancouver International Airport #2"
"1342",2019-05-12,2.16812615785053,"Vancouver International Airport #2"
"1343",2019-05-19,2.21054395996829,"Vancouver International Airport #2"
"1344",2019-05-26,2.21910056957112,"Vancouver International Airport #2"
"1345",2019-06-02,1.98747247025481,"Vancouver International Airport #2"
"1346",2019-06-09,2.00462029017194,"Vancouver International Airport #2"
"1347",2019-06-16,1.75293640550878,"Vancouver International Airport #2"
"1348",2019-06-23,2.01853017934742,"Vancouver International Airport #2"
"1349",2019-06-30,1.76049916417285,"Vancouver International Airport #2"
"1350",2019-07-07,1.75663845214891,"Vancouver International Airport #2"
"1351",2019-07-14,1.6648629056594,"Vancouver International Airport #2"
"1352",2019-07-21,1.89608511179143,"Vancouver International Airport #2"
"1353",2019-07-28,1.90491838477643,"Vancouver International Airport #2"
"1354",2019-08-04,2.05013956178251,"Vancouver International Airport #2"
"1355",2019-08-11,1.89020967747696,"Vancouver International Airport #2"
"1356",2019-08-18,2.03748182764283,"Vancouver International Airport #2"
"1357",2019-08-25,2.00145932090847,"Vancouver International Airport #2"
"1358",2019-09-01,1.85559757888269,"Vancouver International Airport #2"
"1359",2019-09-08,1.73904775928473,"Vancouver International Airport #2"
"1360",2019-09-15,1.55681046468232,"Vancouver International Airport #2"
"1361",2019-09-22,1.74073945911931,"Vancouver International Airport #2"
"1362",2019-09-29,1.93765714006132,"Vancouver International Airport #2"
"1363",2019-10-06,2.11310247044643,"Vancouver International Airport #2"
"1364",2019-10-13,2.01735596922288,"Vancouver International Airport #2"
"1365",2019-10-20,1.90698794529028,"Vancouver International Airport #2"
"1366",2019-10-27,2.48553953016953,"Vancouver International Airport #2"
"1367",2019-11-03,2.18414409988071,"Vancouver International Airport #2"
"1368",2019-11-10,1.82386790649522,"Vancouver International Airport #2"
"1369",2019-11-17,2.16883105808814,"Vancouver International Airport #2"
"1370",2019-11-24,2.66652239628461,"Vancouver International Airport #2"
"1371",2019-12-01,2.44934513569558,"Vancouver International Airport #2"
"1372",2019-12-08,2.0328248254193,"Vancouver International Airport #2"
"1373",2019-12-15,2.36304174066735,"Vancouver International Airport #2"
"1374",2019-12-22,2.02621644200695,"Vancouver International Airport #2"
"1375",2019-12-29,1.92461347126914,"Vancouver International Airport #2"
"1376",2020-01-05,2.364857780721,"Vancouver International Airport #2"
"1377",2020-01-12,2.61371868881868,"Vancouver International Airport #2"
"1378",2020-01-19,2.38630276953628,"Vancouver International Airport #2"
"1379",2020-01-26,2.30332036401894,"Vancouver International Airport #2"
"1380",2020-02-02,2.29268103750037,"Vancouver International Airport #2"
"1381",2020-02-09,2.35075567765055,"Vancouver International Airport #2"
"1382",2020-02-16,2.57798287809903,"Vancouver International Airport #2"
"1383",2020-02-23,2.48047964822395,"Vancouver International Airport #2"
"1384",2020-03-01,2.44725706948996,"Vancouver International Airport #2"
"1385",2020-03-08,2.54146986900885,"Vancouver International Airport #2"
"1386",2020-03-15,3.09958904324171,"Vancouver International Airport #2"
"1387",2020-03-22,2.29305400447621,"Vancouver International Airport #2"
"1388",2020-03-29,2.20679777231034,"Vancouver International Airport #2"
"1389",2020-04-05,2.3844928773494,"Vancouver International Airport #2"
"1390",2020-04-12,2.6852366039241,"Vancouver International Airport #2"
"1391",2020-04-19,2.07152008979481,"Vancouver International Airport #2"
"1392",2020-04-26,2.37994028060095,"Vancouver International Airport #2"
"1393",2020-05-03,2.30496660025727,"Vancouver International Airport #2"
"1394",2020-05-10,2.08809214044593,"Vancouver International Airport #2"
"1395",2020-05-17,1.77518003074269,"Vancouver International Airport #2"
"1396",2020-05-24,1.99745094506931,"Vancouver International Airport #2"
"1397",2020-05-31,1.84685171675207,"Vancouver International Airport #2"
"1398",2020-06-07,1.52198434591746,"Vancouver International Airport #2"
"1399",2020-06-14,1.71939229035673,"Vancouver International Airport #2"
"1400",2020-06-21,1.55215450955202,"Vancouver International Airport #2"
"1401",2020-06-28,1.55591207263002,"Vancouver International Airport #2"
"1402",2020-07-05,1.61833628440683,"Vancouver International Airport #2"
"1403",2020-07-12,1.52125030718728,"Vancouver International Airport #2"
"1404",2020-07-19,1.22689131262374,"Vancouver International Airport #2"
"1405",2020-07-26,1.84618208866267,"Vancouver International Airport #2"
"1406",2020-08-02,1.53365122789233,"Vancouver International Airport #2"
"1407",2020-08-09,1.91034356684037,"Vancouver International Airport #2"
"1408",2020-08-16,1.7606630728647,"Vancouver International Airport #2"
"1409",2020-08-23,1.60200404462075,"Vancouver International Airport #2"
"1410",2020-08-30,1.76569549503496,"Vancouver International Airport #2"
"1411",2020-09-06,3.77390257376801,"Vancouver International Airport #2"
"1412",2020-09-13,5.2406754711182,"Vancouver International Airport #2"
"1413",2020-09-20,1.71915165725799,"Vancouver International Airport #2"
"1414",2020-09-27,1.67835433643068,"Vancouver International Airport #2"
"1415",2020-10-04,1.73846017334447,"Vancouver International Airport #2"
"1416",2020-10-11,1.85812743076211,"Vancouver International Airport #2"
"1417",2020-10-18,1.92036607859247,"Vancouver International Airport #2"
"1418",2020-10-25,2.24440683408127,"Vancouver International Airport #2"
"1419",2020-11-01,2.04472495331539,"Vancouver International Airport #2"
"1420",2020-11-08,2.14149387294944,"Vancouver International Airport #2"
"1421",2020-11-15,2.16085020907915,"Vancouver International Airport #2"
"1422",2020-11-22,2.11584029370273,"Vancouver International Airport #2"
"1423",2020-11-29,2.42123989542554,"Vancouver International Airport #2"
"1424",2020-12-06,2.11640939561945,"Vancouver International Airport #2"
"1425",2020-12-13,2.23214348461333,"Vancouver International Airport #2"
"1426",2020-12-20,2.49393605293084,"Vancouver International Airport #2"
"1427",2020-12-27,2.09787188080555,"Vancouver International Airport #2"
"1428",2021-01-03,2.32383519791982,"Vancouver International Airport #2"
"1429",2021-01-10,2.31487075768748,"Vancouver International Airport #2"
"1430",2021-01-17,2.20413116893763,"Vancouver International Airport #2"
"1431",2021-01-24,2.23518787875994,"Vancouver International Airport #2"
"1432",2021-01-31,2.34119745868878,"Vancouver International Airport #2"
"1433",2021-02-07,2.5983806563627,"Vancouver International Airport #2"
"1434",2021-02-14,2.43167948970549,"Vancouver International Airport #2"
"1435",2021-02-21,2.50591055929071,"Vancouver International Airport #2"
"1436",2021-02-28,2.57703078066909,"Vancouver International Airport #2"
"1437",2021-03-07,2.78359444158004,"Vancouver International Airport #2"
"1438",2021-03-14,2.6084445782392,"Vancouver International Airport #2"
"1439",2021-03-21,2.35921904435958,"Vancouver International Airport #2"
"1440",2021-03-28,2.59654491652979,"Vancouver International Airport #2"
"1441",2021-04-04,2.44586648672808,"Vancouver International Airport #2"
"1442",2021-04-11,2.79660042174287,"Vancouver International Airport #2"
"1443",2021-04-18,2.61275305034826,"Vancouver International Airport #2"
"1444",2021-04-25,2.05764648816739,"Vancouver International Airport #2"
"1445",2021-05-02,2.22754375760179,"Vancouver International Airport #2"
"1446",2021-05-09,1.9813037559246,"Vancouver International Airport #2"
"1447",2021-05-16,2.07390735787798,"Vancouver International Airport #2"
"1448",2021-05-23,1.76330479013764,"Vancouver International Airport #2"
"1449",2021-05-30,1.9079417928415,"Vancouver International Airport #2"
"1450",2021-06-06,1.90748180684718,"Vancouver International Airport #2"
"1451",2021-06-13,1.79202933678778,"Vancouver International Airport #2"
"1452",2021-06-20,1.58926841205824,"Vancouver International Airport #2"
"1453",2021-06-27,1.90045028125626,"Vancouver International Airport #2"
"1454",2021-07-04,1.7598481888251,"Vancouver International Airport #2"
"1455",2021-07-11,1.59952748983527,"Vancouver International Airport #2"
"1456",2021-07-18,1.68187334597104,"Vancouver International Airport #2"
"1457",2021-07-25,2.01440501570034,"Vancouver International Airport #2"
"1458",2021-08-01,1.70093909943585,"Vancouver International Airport #2"
"1459",2021-08-08,2.29061189881151,"Vancouver International Airport #2"
"1460",2021-08-15,1.67279599326357,"Vancouver International Airport #2"
"1461",2021-08-22,2.1936539443934,"Vancouver International Airport #2"
"1462",2021-08-29,2.09174898411564,"Vancouver International Airport #2"
"1463",2021-09-05,2.19547797702523,"Vancouver International Airport #2"
"1464",2021-09-12,2.00592917457577,"Vancouver International Airport #2"
"1465",2021-09-19,1.85084896618946,"Vancouver International Airport #2"
"1466",2021-09-26,1.92944389251772,"Vancouver International Airport #2"
"1467",2021-10-03,1.88252598919111,"Vancouver International Airport #2"
"1468",2021-10-10,1.92024851806074,"Vancouver International Airport #2"
"1469",2021-10-17,2.00810412998157,"Vancouver International Airport #2"
"1470",2021-10-24,1.99247570132792,"Vancouver International Airport #2"
"1471",2021-10-31,2.26807248101675,"Vancouver International Airport #2"
"1472",2021-11-07,2.12131403865902,"Vancouver International Airport #2"
"1473",2021-11-14,2.11735009066714,"Vancouver International Airport #2"
"1474",2021-11-21,2.12100435951028,"Vancouver International Airport #2"
"1475",2021-11-28,2.08652238735654,"Vancouver International Airport #2"
"1476",2021-12-05,2.29520816024684,"Vancouver International Airport #2"
"1477",2021-12-12,2.35229861874027,"Vancouver International Airport #2"
"1478",2021-12-19,2.41549271927,"Vancouver International Airport #2"
"1479",2021-12-26,2.88538552579106,"Vancouver International Airport #2"
"1480",2022-01-02,2.58460359298909,"Vancouver International Airport #2"
"1481",2022-01-09,2.28963077475363,"Vancouver International Airport #2"
"1482",2022-01-16,1.91329566849104,"Vancouver International Airport #2"
"1483",2022-01-23,2.05544532547294,"Vancouver International Airport #2"
"1484",2022-01-30,2.36158043958951,"Vancouver International Airport #2"
"1485",2022-02-06,2.11461817209632,"Vancouver International Airport #2"
"1486",2022-02-13,2.35019781502916,"Vancouver International Airport #2"
"1487",2022-02-20,2.64114798813862,"Vancouver International Airport #2"
"1488",2022-02-27,2.23608634705277,"Vancouver International Airport #2"
"1489",2022-03-06,2.47657901198543,"Vancouver International Airport #2"
"1490",2022-03-13,2.4493476887878,"Vancouver International Airport #2"
"1491",2022-03-20,2.28187909291754,"Vancouver International Airport #2"
"1492",2022-03-27,1.72597835366837,"Vancouver International Airport #2"
"1493",2022-04-03,2.1464823347178,"Vancouver International Airport #2"
"1494",2022-04-10,2.61918800915916,"Vancouver International Airport #2"
"1495",2022-04-17,2.57002025082419,"Vancouver International Airport #2"
"1496",2022-04-24,2.42606824885426,"Vancouver International Airport #2"
"1497",2022-05-01,2.3132520187123,"Vancouver International Airport #2"
"1498",2022-05-08,2.11213550446602,"Vancouver International Airport #2"
"1499",2022-05-15,2.23471880669328,"Vancouver International Airport #2"
"1500",2022-05-22,2.12917069935044,"Vancouver International Airport #2"
"1501",2022-05-29,1.9564601855777,"Vancouver International Airport #2"
"1502",2022-06-05,1.74128062501314,"Vancouver International Airport #2"
"1503",2022-06-12,1.88741379004777,"Vancouver International Airport #2"
"1504",2022-06-19,1.76059251087149,"Vancouver International Airport #2"
"1505",2022-06-26,1.95114015412524,"Vancouver International Airport #2"
"1506",2022-07-03,1.67512328122128,"Vancouver International Airport #2"
"1507",2022-07-10,1.64669636926039,"Vancouver International Airport #2"
"1508",2022-07-17,1.64086368809904,"Vancouver International Airport #2"
"1509",2022-07-24,2.21450104427488,"Vancouver International Airport #2"
"1510",2022-07-31,1.6332828937281,"Vancouver International Airport #2"
"1511",2022-08-07,1.84218324936765,"Vancouver International Airport #2"
"1512",2022-08-14,2.06785739922785,"Vancouver International Airport #2"
"1513",2022-08-21,1.77338335393374,"Vancouver International Airport #2"
"1514",2022-08-28,2.02149470087478,"Vancouver International Airport #2"
"1515",2022-09-04,1.884375657154,"Vancouver International Airport #2"
"1516",2022-09-11,2.64986178746714,"Vancouver International Airport #2"
"1517",2022-09-18,2.27157180063569,"Vancouver International Airport #2"
"1518",2022-09-25,2.23398879726844,"Vancouver International Airport #2"
"1519",2022-10-02,2.56202617728362,"Vancouver International Airport #2"
"1520",2022-10-09,2.1257554533388,"Vancouver International Airport #2"
"1521",2022-10-16,3.51969324863966,"Vancouver International Airport #2"
"1522",2022-10-23,1.96562730787424,"Vancouver International Airport #2"
"1523",2022-10-30,1.94551520824125,"Vancouver International Airport #2"
